shape_id,county_name,precinct_id,pres_red,pres_blue,gov_red,gov_blue,con_any_districts,con_red_votes,con_blue_votes
2403,ALAMANCE,01,,,,,,,
2401,ALAMANCE,02,,,,,,,
2396,ALAMANCE,035,,,,,,,
2409,ALAMANCE,03C,,,,,,,
2410,ALAMANCE,03N,,,,,,,
2407,ALAMANCE,03N2,,,,,,,
2398,ALAMANCE,03S,,,,,,,
2408,ALAMANCE,03W,,,,,,,
2392,ALAMANCE,04,,,,,,,
2391,ALAMANCE,05,,,,,,,
4,ALAMANCE,063,,,,,,,
9,ALAMANCE,064,,,,,,,
3,ALAMANCE,06E,,,,,,,
1,ALAMANCE,06N,,,,,,,
2399,ALAMANCE,06S,,,,,,,
131,ALAMANCE,06W,,,,,,,
2400,ALAMANCE,07,,,,,,,
2402,ALAMANCE,08N,,,,,,,
2404,ALAMANCE,08S,,,,,,,
83,ALAMANCE,09N,,,,,,,
81,ALAMANCE,09S,,,,,,,
2406,ALAMANCE,103,,,,,,,
2390,ALAMANCE,10N,,,,,,,
8,ALAMANCE,10S,,,,,,,
7,ALAMANCE,11,,,,,,,
2,ALAMANCE,1210,,,,,,,
2395,ALAMANCE,124,,,,,,,
6,ALAMANCE,125,,,,,,,
2394,ALAMANCE,126,,,,,,,
2393,ALAMANCE,127,,,,,,,
10,ALAMANCE,128,,,,,,,
2397,ALAMANCE,129,,,,,,,
132,ALAMANCE,12E,,,,,,,
5,ALAMANCE,12N,,,,,,,
82,ALAMANCE,12S,,,,,,,
133,ALAMANCE,12W,,,,,,,
2389,ALAMANCE,13,,,,,,,
59,ALEXANDER,B1,,,,,,,
60,ALEXANDER,B2,,,,,,,
61,ALEXANDER,E,,,,,,,
62,ALEXANDER,G1,,,,,,,
63,ALEXANDER,G2,,,,,,,
64,ALEXANDER,L,,,,,,,
65,ALEXANDER,M,,,,,,,
66,ALEXANDER,S1,,,,,,,
67,ALEXANDER,S2,,,,,,,
68,ALEXANDER,SL,,,,,,,
69,ALEXANDER,T1,,,,,,,
94,ALEXANDER,T2,,,,,,,
95,ALEXANDER,T3,,,,,,,
96,ALEXANDER,T4,,,,,,,
97,ALEXANDER,T5,,,,,,,
98,ALEXANDER,W,,,,,,,
39,ALLEGHANY,01,,,,,,,
42,ALLEGHANY,02,,,,,,,
2451,ALLEGHANY,03,,,,,,,
41,ALLEGHANY,04,,,,,,,
2452,ALLEGHANY,05,,,,,,,
85,ALLEGHANY,06,,,,,,,
44,ALLEGHANY,07,,,,,,,
78,ANSON,ANS,,,,,,,
77,ANSON,BURN,,,,,,,
79,ANSON,GULL,,,,,,,
72,ANSON,LILE,,,,,,,
76,ANSON,MM,,,,,,,
70,ANSON,PEAC,,,,,,,
80,ANSON,POLK,,,,,,,
73,ANSON,W1,,,,,,,
74,ANSON,W2,,,,,,,
75,ANSON,W3,,,,,,,
71,ANSON,WS,,,,,,,
1019,ASHE,02,,,,,,,
1017,ASHE,03,,,,,,,
1011,ASHE,04,,,,,,,
1043,ASHE,06,,,,,,,
1042,ASHE,07,,,,,,,
1045,ASHE,08,,,,,,,
2276,ASHE,09,,,,,,,
1018,ASHE,10,,,,,,,
1040,ASHE,11,,,,,,,
1016,ASHE,12,,,,,,,
1013,ASHE,13,,,,,,,
1014,ASHE,14,,,,,,,
1015,ASHE,15,,,,,,,
1012,ASHE,16,,,,,,,
1041,ASHE,17,,,,,,,
1044,ASHE,18,,,,,,,
2275,ASHE,20,,,,,,,
49,AVERY,01,,,,,,,
51,AVERY,02,,,,,,,
50,AVERY,03,,,,,,,
57,AVERY,04,,,,,,,
52,AVERY,05,,,,,,,
86,AVERY,06,,,,,,,
92,AVERY,07,,,,,,,
87,AVERY,08,,,,,,,
53,AVERY,09,,,,,,,
56,AVERY,10,,,,,,,
93,AVERY,11,,,,,,,
48,AVERY,12,,,,,,,
89,AVERY,13,,,,,,,
88,AVERY,14,,,,,,,
91,AVERY,15,,,,,,,
90,AVERY,16,,,,,,,
58,AVERY,17,,,,,,,
54,AVERY,18,,,,,,,
55,AVERY,19,,,,,,,
31,BEAUFORT,AUROR,,,,,,,
114,BEAUFORT,BEADM,,,,,,,
106,BEAUFORT,BELHV,,,,,,,
104,BEAUFORT,BLCK,,,,,,,
110,BEAUFORT,CHOCO,,,,,,,
115,BEAUFORT,EDWAR,,,,,,,
107,BEAUFORT,GILEA,,,,,,,
2453,BEAUFORT,HB,,,,,,,
32,BEAUFORT,NCRK,,,,,,,
105,BEAUFORT,OLDF,,,,,,,
112,BEAUFORT,PANTE,,,,,,,
2454,BEAUFORT,PINET,,,,,,,
109,BEAUFORT,PSJW3,,,,,,,
30,BEAUFORT,RVRD,,,,,,,
116,BEAUFORT,SURBA,,,,,,,
108,BEAUFORT,TCRK,,,,,,,
103,BEAUFORT,WASH1,,,,,,,
111,BEAUFORT,WASH2,,,,,,,
113,BEAUFORT,WASH4,,,,,,,
118,BEAUFORT,WASHP,,,,,,,
117,BEAUFORT,WDPD,,,,,,,
33,BERTIE,C1,,,,,,,
84,BERTIE,C2,,,,,,,
47,BERTIE,IW,,,,,,,
38,BERTIE,M1,,,,,,,
37,BERTIE,M2,,,,,,,
34,BERTIE,MH,,,,,,,
46,BERTIE,RX,,,,,,,
40,BERTIE,SN,,,,,,,
36,BERTIE,W1,,,,,,,
35,BERTIE,W2,,,,,,,
45,BERTIE,WD,,,,,,,
43,BERTIE,WH,,,,,,,
100,BLADEN,P10,,,,,,,
125,BLADEN,P15,,,,,,,
99,BLADEN,P201,,,,,,,
101,BLADEN,P202,,,,,,,
119,BLADEN,P25,,,,,,,
120,BLADEN,P30,,,,,,,
126,BLADEN,P35,,,,,,,
102,BLADEN,P40,,,,,,,
123,BLADEN,P45,,,,,,,
127,BLADEN,P501,,,,,,,
128,BLADEN,P502,,,,,,,
130,BLADEN,P55,,,,,,,
122,BLADEN,P60,,,,,,,
129,BLADEN,P65,,,,,,,
124,BLADEN,P70,,,,,,,
121,BLADEN,P75,,,,,,,
2364,BLADEN,P80,,,,,,,
14,BRUNSWICK,01,,,,,,,
22,BRUNSWICK,02,,,,,,,
25,BRUNSWICK,03,,,,,,,
2282,BRUNSWICK,04A,,,,,,,
2283,BRUNSWICK,04B,,,,,,,
2284,BRUNSWICK,04C,,,,,,,
17,BRUNSWICK,05,,,,,,,
28,BRUNSWICK,06,,,,,,,
11,BRUNSWICK,07,,,,,,,
24,BRUNSWICK,08,,,,,,,
29,BRUNSWICK,09,,,,,,,
2698,BRUNSWICK,10A,,,,,,,
2721,BRUNSWICK,10B,,,,,,,
15,BRUNSWICK,11,,,,,,,
27,BRUNSWICK,12,,,,,,,
16,BRUNSWICK,13,,,,,,,
20,BRUNSWICK,14,,,,,,,
21,BRUNSWICK,15,,,,,,,
19,BRUNSWICK,16,,,,,,,
13,BRUNSWICK,17,,,,,,,
26,BRUNSWICK,18,,,,,,,
18,BRUNSWICK,19,,,,,,,
12,BRUNSWICK,20,,,,,,,
23,BRUNSWICK,21,,,,,,,
2705,BRUNSWICK,22,,,,,,,
2699,BRUNSWICK,23,,,,,,,
519,BUNCOMBE,01.1,,,,,,,
2668,BUNCOMBE,02.1,,,,,,,
516,BUNCOMBE,03.1,,,,,,,
514,BUNCOMBE,04.1,,,,,,,
2669,BUNCOMBE,05.1,,,,,,,
515,BUNCOMBE,06.1,,,,,,,
446,BUNCOMBE,07.1,,,,,,,
2413,BUNCOMBE,08.2,,,,,,,
2412,BUNCOMBE,08.3,,,,,,,
444,BUNCOMBE,09.1,,,,,,,
2612,BUNCOMBE,10.1,,,,,,,
518,BUNCOMBE,11.1,,,,,,,
2611,BUNCOMBE,12.1,,,,,,,
571,BUNCOMBE,13.1,,,,,,,
2672,BUNCOMBE,14.2,,,,,,,
2618,BUNCOMBE,14.3,,,,,,,
569,BUNCOMBE,15.1,,,,,,,
2616,BUNCOMBE,16.2,,,,,,,
2619,BUNCOMBE,17.1,,,,,,,
2627,BUNCOMBE,18.2,,,,,,,
521,BUNCOMBE,19.1,,,,,,,
2620,BUNCOMBE,20.1,,,,,,,
2621,BUNCOMBE,21.1,,,,,,,
2665,BUNCOMBE,22.2,,,,,,,
2632,BUNCOMBE,23.2,,,,,,,
2667,BUNCOMBE,23.3,,,,,,,
2610,BUNCOMBE,24.1,,,,,,,
2674,BUNCOMBE,25.1,,,,,,,
2613,BUNCOMBE,26.1,,,,,,,
2666,BUNCOMBE,27.2,,,,,,,
2670,BUNCOMBE,28.1,,,,,,,
2622,BUNCOMBE,29.2,,,,,,,
2213,BUNCOMBE,30.2,,,,,,,
2379,BUNCOMBE,30.3,,,,,,,
2625,BUNCOMBE,31.1,,,,,,,
2629,BUNCOMBE,32.1,,,,,,,
2630,BUNCOMBE,33.2,,,,,,,
2648,BUNCOMBE,33.3,,,,,,,
568,BUNCOMBE,34.1,,,,,,,
2628,BUNCOMBE,35.1,,,,,,,
2631,BUNCOMBE,36.1,,,,,,,
2382,BUNCOMBE,37.1,,,,,,,
2387,BUNCOMBE,38.2,,,,,,,
520,BUNCOMBE,38.3,,,,,,,
2388,BUNCOMBE,39.2,,,,,,,
2381,BUNCOMBE,39.3,,,,,,,
2212,BUNCOMBE,40.2,,,,,,,
517,BUNCOMBE,41.1,,,,,,,
2673,BUNCOMBE,42.1,,,,,,,
2617,BUNCOMBE,43.2,,,,,,,
2615,BUNCOMBE,44.1,,,,,,,
2645,BUNCOMBE,45.1,,,,,,,
513,BUNCOMBE,46.1,,,,,,,
447,BUNCOMBE,47.1,,,,,,,
2646,BUNCOMBE,48.1,,,,,,,
2386,BUNCOMBE,49.1,,,,,,,
2380,BUNCOMBE,50.1,,,,,,,
2372,BUNCOMBE,51.2,,,,,,,
2376,BUNCOMBE,52.1,,,,,,,
2374,BUNCOMBE,53.1,,,,,,,
2626,BUNCOMBE,54.2,,,,,,,
2385,BUNCOMBE,55.1,,,,,,,
2624,BUNCOMBE,56.2,,,,,,,
2623,BUNCOMBE,57.1,,,,,,,
2678,BUNCOMBE,58.1,,,,,,,
2662,BUNCOMBE,59.1,,,,,,,
2384,BUNCOMBE,60.2,,,,,,,
2411,BUNCOMBE,60.4,,,,,,,
2647,BUNCOMBE,61.1,,,,,,,
2676,BUNCOMBE,62.1,,,,,,,
2377,BUNCOMBE,63.1,,,,,,,
2675,BUNCOMBE,64.1,,,,,,,
2383,BUNCOMBE,65.1,,,,,,,
570,BUNCOMBE,66.1,,,,,,,
2664,BUNCOMBE,67.1,,,,,,,
2614,BUNCOMBE,68.1,,,,,,,
445,BUNCOMBE,69.1,,,,,,,
2671,BUNCOMBE,70.1,,,,,,,
2677,BUNCOMBE,71.1,,,,,,,
2046,BURKE,0001,,,,,,,
2087,BURKE,0003,,,,,,,
2084,BURKE,0011,,,,,,,
2089,BURKE,0012,,,,,,,
2051,BURKE,0013,,,,,,,
2088,BURKE,0014,,,,,,,
2082,BURKE,0015,,,,,,,
2045,BURKE,0018,,,,,,,
2052,BURKE,0019,,,,,,,
2053,BURKE,0020,,,,,,,
2048,BURKE,0021,,,,,,,
2076,BURKE,0022,,,,,,,
2081,BURKE,0024,,,,,,,
2414,BURKE,0029-A,,,,,,,
2415,BURKE,0029-B,,,,,,,
2079,BURKE,0031,,,,,,,
2075,BURKE,0034,,,,,,,
2080,BURKE,0035,,,,,,,
2077,BURKE,0036,,,,,,,
2078,BURKE,0038,,,,,,,
2083,BURKE,0039,,,,,,,
2049,BURKE,0040,,,,,,,
2285,BURKE,0047-A,,,,,,,
2286,BURKE,0047-B,,,,,,,
2287,BURKE,0048,,,,,,,
2047,BURKE,0051,,,,,,,
2054,BURKE,0052,,,,,,,
2085,BURKE,0053,,,,,,,
2050,BURKE,0062,,,,,,,
2288,BURKE,0064,,,,,,,
2090,BURKE,0065,,,,,,,
2074,BURKE,0066,,,,,,,
2086,BURKE,0070,,,,,,,
410,CABARRUS,01-02,,,,,,,
344,CABARRUS,01-04,,,,,,,
345,CABARRUS,01-06,,,,,,,
576,CABARRUS,01-07,,,,,,,
578,CABARRUS,01-08,,,,,,,
577,CABARRUS,01-09,,,,,,,
603,CABARRUS,01-10,,,,,,,
407,CABARRUS,02-01,,,,,,,
606,CABARRUS,02-02,,,,,,,
574,CABARRUS,02-03,,,,,,,
346,CABARRUS,02-05,,,,,,,
408,CABARRUS,02-06,,,,,,,
607,CABARRUS,02-07,,,,,,,
662,CABARRUS,02-08,,,,,,,
661,CABARRUS,02-09,,,,,,,
573,CABARRUS,03-00,,,,,,,
2278,CABARRUS,04-01,,,,,,,
2281,CABARRUS,04-02,,,,,,,
2280,CABARRUS,04-03,,,,,,,
523,CABARRUS,04-04,,,,,,,
287,CABARRUS,04-05,,,,,,,
522,CABARRUS,04-06,,,,,,,
347,CABARRUS,04-07,,,,,,,
409,CABARRUS,04-08,,,,,,,
448,CABARRUS,04-09,,,,,,,
450,CABARRUS,04-10,,,,,,,
2279,CABARRUS,05-00,,,,,,,
572,CABARRUS,06-00,,,,,,,
526,CABARRUS,07-00,,,,,,,
525,CABARRUS,08-00,,,,,,,
524,CABARRUS,09-00,,,,,,,
411,CABARRUS,10-00,,,,,,,
230,CABARRUS,11-01,,,,,,,
451,CABARRUS,11-02,,,,,,,
232,CABARRUS,12-01,,,,,,,
288,CABARRUS,12-02,,,,,,,
2277,CABARRUS,12-03,,,,,,,
286,CABARRUS,12-04,,,,,,,
285,CABARRUS,12-05,,,,,,,
233,CABARRUS,12-06,,,,,,,
231,CABARRUS,12-07,,,,,,,
575,CABARRUS,12-08,,,,,,,
605,CABARRUS,12-09,,,,,,,
449,CABARRUS,12-10,,,,,,,
412,CABARRUS,12-11,,,,,,,
604,CABARRUS,12-12,,,,,,,
1314,CALDWELL,PR01,,,,,,,
1301,CALDWELL,PR02,,,,,,,
1315,CALDWELL,PR05,,,,,,,
1311,CALDWELL,PR06,,,,,,,
1300,CALDWELL,PR07,,,,,,,
1302,CALDWELL,PR08,,,,,,,
1312,CALDWELL,PR13,,,,,,,
1336,CALDWELL,PR14,,,,,,,
1313,CALDWELL,PR15,,,,,,,
1306,CALDWELL,PR16,,,,,,,
1303,CALDWELL,PR17,,,,,,,
1304,CALDWELL,PR18,,,,,,,
1305,CALDWELL,PR21,,,,,,,
1310,CALDWELL,PR22,,,,,,,
1307,CALDWELL,PR24,,,,,,,
1309,CALDWELL,PR25,,,,,,,
1316,CALDWELL,PR28,,,,,,,
1308,CALDWELL,PR29,,,,,,,
2683,CALDWELL,PR30,,,,,,,
2681,CALDWELL,PR31,,,,,,,
2682,CALDWELL,PR32,,,,,,,
229,CAMDEN,CH,,,,,,,
228,CAMDEN,SH,,,,,,,
227,CAMDEN,SM,,,,,,,
1238,CARTERET,ABCH,,,,,,,
2713,CARTERET,ATCS,,,,,,,
1237,CARTERET,BCRK,,,,,,,
1283,CARTERET,BFT1,,,,,,,
1280,CARTERET,BFT2,,,,,,,
1241,CARTERET,BOGU,,,,,,,
1282,CARTERET,CCCP,,,,,,,
2714,CARTERET,DASW,,,,,,,
1236,CARTERET,EMIS,,,,,,,
1286,CARTERET,HAIS,,,,,,,
1285,CARTERET,IBSP,,,,,,,
2716,CARTERET,MASM,,,,,,,
1240,CARTERET,MCRK,,,,,,,
1230,CARTERET,MERR,,,,,,,
1242,CARTERET,MHD1,,,,,,,
1239,CARTERET,MHD2,,,,,,,
2469,CARTERET,MHD3,,,,,,,
1284,CARTERET,MHD4,,,,,,,
1328,CARTERET,NPT1,,,,,,,
1327,CARTERET,NPT2,,,,,,,
1232,CARTERET,NRIV,,,,,,,
2715,CARTERET,OTBE,,,,,,,
1281,CARTERET,PELE,,,,,,,
1233,CARTERET,PKNL,,,,,,,
1231,CARTERET,STEL,,,,,,,
2717,CARTERET,WIHA,,,,,,,
2470,CARTERET,WILD,,,,,,,
623,CASWELL,ANDE,,,,,,,
621,CASWELL,HIGH,,,,,,,
620,CASWELL,LEAS,,,,,,,
616,CASWELL,LOCU,,,,,,,
619,CASWELL,MILT,,,,,,,
615,CASWELL,PELH,,,,,,,
622,CASWELL,PROS,,,,,,,
617,CASWELL,PROVI,,,,,,,
618,CASWELL,STON,,,,,,,
2722,CASWELL,YANC,,,,,,,
172,CATAWBA,01,,,,,,,
160,CATAWBA,02,,,,,,,
156,CATAWBA,03,,,,,,,
173,CATAWBA,04,,,,,,,
179,CATAWBA,05,,,,,,,
845,CATAWBA,06,,,,,,,
881,CATAWBA,07,,,,,,,
165,CATAWBA,08,,,,,,,
174,CATAWBA,09,,,,,,,
178,CATAWBA,10,,,,,,,
176,CATAWBA,11,,,,,,,
171,CATAWBA,12,,,,,,,
166,CATAWBA,13,,,,,,,
169,CATAWBA,14,,,,,,,
884,CATAWBA,15,,,,,,,
159,CATAWBA,16,,,,,,,
875,CATAWBA,17,,,,,,,
880,CATAWBA,19,,,,,,,
842,CATAWBA,20,,,,,,,
843,CATAWBA,21,,,,,,,
844,CATAWBA,22,,,,,,,
158,CATAWBA,23,,,,,,,
157,CATAWBA,24,,,,,,,
161,CATAWBA,25,,,,,,,
879,CATAWBA,26,,,,,,,
154,CATAWBA,27,,,,,,,
167,CATAWBA,28,,,,,,,
877,CATAWBA,29,,,,,,,
177,CATAWBA,30,,,,,,,
170,CATAWBA,31,,,,,,,
883,CATAWBA,32,,,,,,,
876,CATAWBA,33,,,,,,,
164,CATAWBA,34,,,,,,,
878,CATAWBA,35,,,,,,,
175,CATAWBA,36,,,,,,,
882,CATAWBA,37,,,,,,,
162,CATAWBA,38,,,,,,,
155,CATAWBA,39,,,,,,,
163,CATAWBA,40,,,,,,,
168,CATAWBA,41,,,,,,,
1089,CHATHAM,15,,,,,,,
2322,CHATHAM,18,,,,,,,
2653,CHATHAM,20,,,,,,,
1097,CHATHAM,21,,,,,,,
1096,CHATHAM,24,,,,,,,
2405,CHATHAM,3,,,,,,,
1137,CHATHAM,30,,,,,,,
1093,CHATHAM,42,,,,,,,
1092,CHATHAM,45,,,,,,,
1090,CHATHAM,6,,,,,,,
2719,CHATHAM,75,,,,,,,
2214,CHATHAM,78,,,,,,,
1095,CHATHAM,85,,,,,,,
1091,CHATHAM,9,,,,,,,
1136,CHATHAM,ESC114,,,,,,,
1094,CHATHAM,MCH110,,,,,,,
2215,CHATHAM,NWM117,,,,,,,
1088,CHATHAM,PIT113,,,,,,,
611,CHEROKEE,ANNW,,,,,,,
610,CHEROKEE,ANSW,,,,,,,
2217,CHEROKEE,BELL,,,,,,,
2218,CHEROKEE,BRAS,,,,,,,
2416,CHEROKEE,CSON,,,,,,,
2221,CHEROKEE,GCRK,,,,,,,
608,CHEROKEE,HANG,,,,,,,
2216,CHEROKEE,HIWA,,,,,,,
527,CHEROKEE,HOTH,,,,,,,
613,CHEROKEE,MARB,,,,,,,
612,CHEROKEE,MURN,,,,,,,
2219,CHEROKEE,MURS,,,,,,,
609,CHEROKEE,PCHT,,,,,,,
2417,CHEROKEE,RGER,,,,,,,
614,CHEROKEE,TOPT,,,,,,,
2220,CHEROKEE,UNKA,,,,,,,
709,CHOWAN,1,,,,,,,
706,CHOWAN,2,,,,,,,
708,CHOWAN,3,,,,,,,
705,CHOWAN,4,,,,,,,
704,CHOWAN,5,,,,,,,
707,CHOWAN,6,,,,,,,
800,CLAY,BRAS,,,,,,,
807,CLAY,HAY1,,,,,,,
802,CLAY,HAY2,,,,,,,
808,CLAY,HAYC,,,,,,,
803,CLAY,HIAW,,,,,,,
804,CLAY,SHCR,,,,,,,
806,CLAY,SWEE,,,,,,,
805,CLAY,TUSQ,,,,,,,
801,CLAY,WARN,,,,,,,
716,CLEVELAND,B SPGS,1813,792,1775,820,10,1732,844
797,CLEVELAND,BETHWR,812,320,863,259,10,805,319
699,CLEVELAND,CASAR,744,108,741,123,10,713,138
723,CLEVELAND,FALSTN,832,191,826,194,10,798,221
719,CLEVELAND,GROVER,1311,613,1384,533,10,1293,627
795,CLEVELAND,H SPGS,319,125,318,119,10,303,134
724,CLEVELAND,KINGST,222,486,216,485,10,218,479
2680,CLEVELAND,KM N,1745,1229,1844,1116,10,1692,1256
2679,CLEVELAND,KM S,1618,1119,1676,1047,10,1555,1160
718,CLEVELAND,LATT,1296,414,1275,427,10,1237,453
700,CLEVELAND,LAWNDL,557,652,567,637,10,501,700
793,CLEVELAND,MRB-YO,715,241,674,272,10,661,284
717,CLEVELAND,MULLS,925,289,901,303,10,887,318
790,CLEVELAND,OAKGRV,1565,518,1652,416,10,1557,519
715,CLEVELAND,POLKVL,1095,368,1120,345,10,1058,385
791,CLEVELAND,RIPPY,1400,881,1451,807,10,1347,914
789,CLEVELAND,S 1,469,893,460,873,10,446,884
792,CLEVELAND,S 2,1252,995,1287,955,10,1234,993
796,CLEVELAND,S 3,448,726,492,657,10,442,717
788,CLEVELAND,S 4,614,1071,630,1035,10,597,1060
701,CLEVELAND,S 5,862,901,869,882,10,817,931
722,CLEVELAND,S 6,877,1102,918,1040,10,893,1076
721,CLEVELAND,S 7,1033,857,1078,790,10,998,874
720,CLEVELAND,S 8,788,768,810,738,10,779,763
794,CLEVELAND,SHANGI,1216,602,1231,588,10,1164,648
698,CLEVELAND,WACO,1265,801,1310,732,10,1204,837
2289,COLUMBUS,P01A,,,,,,,
2290,COLUMBUS,P02A,,,,,,,
333,COLUMBUS,P03,,,,,,,
332,COLUMBUS,P04,,,,,,,
330,COLUMBUS,P05,,,,,,,
325,COLUMBUS,P06,,,,,,,
338,COLUMBUS,P07,,,,,,,
326,COLUMBUS,P08,,,,,,,
335,COLUMBUS,P09,,,,,,,
331,COLUMBUS,P10,,,,,,,
328,COLUMBUS,P11,,,,,,,
380,COLUMBUS,P12,,,,,,,
329,COLUMBUS,P13,,,,,,,
341,COLUMBUS,P14,,,,,,,
334,COLUMBUS,P15,,,,,,,
2689,COLUMBUS,P16A,,,,,,,
324,COLUMBUS,P17,,,,,,,
339,COLUMBUS,P18,,,,,,,
327,COLUMBUS,P19,,,,,,,
336,COLUMBUS,P20,,,,,,,
323,COLUMBUS,P21,,,,,,,
337,COLUMBUS,P22,,,,,,,
340,COLUMBUS,P23,,,,,,,
2291,COLUMBUS,P24,,,,,,,
2292,COLUMBUS,P25A,,,,,,,
2690,COLUMBUS,P26A,,,,,,,
426,CRAVEN,03,,,,,,,
2471,CRAVEN,04,,,,,,,
424,CRAVEN,05,,,,,,,
427,CRAVEN,06,,,,,,,
422,CRAVEN,07,,,,,,,
428,CRAVEN,08,,,,,,,
384,CRAVEN,09,,,,,,,
383,CRAVEN,10,,,,,,,
436,CRAVEN,11,,,,,,,
381,CRAVEN,12,,,,,,,
386,CRAVEN,13,,,,,,,
387,CRAVEN,14,,,,,,,
385,CRAVEN,15,,,,,,,
437,CRAVEN,16,,,,,,,
432,CRAVEN,17,,,,,,,
438,CRAVEN,18,,,,,,,
434,CRAVEN,19,,,,,,,
425,CRAVEN,20,,,,,,,
382,CRAVEN,21,,,,,,,
435,CRAVEN,22,,,,,,,
430,CRAVEN,23,,,,,,,
429,CRAVEN,N1,,,,,,,
423,CRAVEN,N2,,,,,,,
431,CRAVEN,N3,,,,,,,
421,CRAVEN,N4,,,,,,,
433,CRAVEN,N5,,,,,,,
2472,CRAVEN,N6,,,,,,,
910,CUMBERLAND,AH49,,,,,,,
1180,CUMBERLAND,AL51,,,,,,,
2365,CUMBERLAND,CC01,,,,,,,
904,CUMBERLAND,CC03,,,,,,,
1183,CUMBERLAND,CC04,,,,,,,
1182,CUMBERLAND,CC05,,,,,,,
1208,CUMBERLAND,CC06,,,,,,,
1185,CUMBERLAND,CC07,,,,,,,
1184,CUMBERLAND,CC08,,,,,,,
1203,CUMBERLAND,CC10,,,,,,,
1205,CUMBERLAND,CC12,,,,,,,
1207,CUMBERLAND,CC13,,,,,,,
931,CUMBERLAND,CC14,,,,,,,
1204,CUMBERLAND,CC15,,,,,,,
1206,CUMBERLAND,CC16,,,,,,,
936,CUMBERLAND,CC17,,,,,,,
897,CUMBERLAND,CC18,,,,,,,
1181,CUMBERLAND,CC19,,,,,,,
906,CUMBERLAND,CC21,,,,,,,
900,CUMBERLAND,CC24,,,,,,,
905,CUMBERLAND,CC25,,,,,,,
935,CUMBERLAND,CC26,,,,,,,
2484,CUMBERLAND,CC27,,,,,,,
899,CUMBERLAND,CC29,,,,,,,
907,CUMBERLAND,CC31,,,,,,,
902,CUMBERLAND,CC32,,,,,,,
903,CUMBERLAND,CC33,,,,,,,
898,CUMBERLAND,CC34,,,,,,,
2482,CUMBERLAND,CL57-1,,,,,,,
2481,CUMBERLAND,CL57-2,,,,,,,
896,CUMBERLAND,CU02,,,,,,,
909,CUMBERLAND,EO61-1,,,,,,,
908,CUMBERLAND,EO61-2,,,,,,,
2357,CUMBERLAND,G10A,,,,,,,
2359,CUMBERLAND,G10B,,,,,,,
2358,CUMBERLAND,G10C,,,,,,,
2474,CUMBERLAND,G11A-1,,,,,,,
2473,CUMBERLAND,G11A-2,,,,,,,
2661,CUMBERLAND,G11B,,,,,,,
2349,CUMBERLAND,G1A,,,,,,,
2366,CUMBERLAND,G1B,,,,,,,
2480,CUMBERLAND,G2A,,,,,,,
2477,CUMBERLAND,G2B,,,,,,,
2476,CUMBERLAND,G2C-1,,,,,,,
2475,CUMBERLAND,G2C-2,,,,,,,
2346,CUMBERLAND,G2D,,,,,,,
2479,CUMBERLAND,G2E-1,,,,,,,
2478,CUMBERLAND,G2E-2,,,,,,,
2494,CUMBERLAND,G3A-1,,,,,,,
2493,CUMBERLAND,G3A-2,,,,,,,
2350,CUMBERLAND,G3B,,,,,,,
2496,CUMBERLAND,G3C,,,,,,,
2351,CUMBERLAND,G4A,,,,,,,
2352,CUMBERLAND,G4B,,,,,,,
2353,CUMBERLAND,G4C,,,,,,,
2487,CUMBERLAND,G5A-1,,,,,,,
2486,CUMBERLAND,G5A-2,,,,,,,
2485,CUMBERLAND,G5B-1,,,,,,,
2489,CUMBERLAND,G5B-2,,,,,,,
2360,CUMBERLAND,G5C,,,,,,,
2361,CUMBERLAND,G6A,,,,,,,
2362,CUMBERLAND,G6B,,,,,,,
2363,CUMBERLAND,G6C,,,,,,,
2347,CUMBERLAND,G7A,,,,,,,
2348,CUMBERLAND,G7B,,,,,,,
2355,CUMBERLAND,G8A,,,,,,,
2488,CUMBERLAND,G8B,,,,,,,
2356,CUMBERLAND,G8C,,,,,,,
2354,CUMBERLAND,G8D,,,,,,,
2495,CUMBERLAND,G9A,,,,,,,
2491,CUMBERLAND,G9B-1,,,,,,,
2490,CUMBERLAND,G9B-2,,,,,,,
934,CUMBERLAND,LI65,,,,,,,
2483,CUMBERLAND,LR63,,,,,,,
901,CUMBERLAND,MB62,,,,,,,
933,CUMBERLAND,MR02,,,,,,,
932,CUMBERLAND,SH77,,,,,,,
632,CURRITUCK,CB,,,,,,,
2497,CURRITUCK,CH,,,,,,,
628,CURRITUCK,CI,,,,,,,
629,CURRITUCK,CJ,,,,,,,
594,CURRITUCK,GW,,,,,,,
633,CURRITUCK,IR,,,,,,,
630,CURRITUCK,KI,,,,,,,
2498,CURRITUCK,MY,,,,,,,
631,CURRITUCK,PB,,,,,,,
595,CURRITUCK,PP,,,,,,,
627,CURRITUCK,WH,,,,,,,
732,DARE,AVON,,,,,,,
798,DARE,BUX,,,,,,,
727,DARE,CHCA,,,,,,,
2223,DARE,COL,,,,,,,
703,DARE,DUCK,,,,,,,
725,DARE,EL,,,,,,,
734,DARE,FRCO,,,,,,,
733,DARE,HAT,,,,,,,
2222,DARE,KDH,,,,,,,
702,DARE,KTHK,,,,,,,
730,DARE,MATO,,,,,,,
728,DARE,MH,,,,,,,
731,DARE,NGHD,,,,,,,
729,DARE,SOSH,,,,,,,
726,DARE,STPT,,,,,,,
799,DARE,WAN,,,,,,,
135,DAVIDSON,04,,,,,,,
188,DAVIDSON,06,,,,,,,
2511,DAVIDSON,08,,,,,,,
2509,DAVIDSON,10,,,,,,,
139,DAVIDSON,12,,,,,,,
2504,DAVIDSON,14,,,,,,,
134,DAVIDSON,16,,,,,,,
2510,DAVIDSON,18,,,,,,,
2505,DAVIDSON,20,,,,,,,
2507,DAVIDSON,22,,,,,,,
2501,DAVIDSON,24,,,,,,,
2499,DAVIDSON,26,,,,,,,
738,DAVIDSON,28,,,,,,,
137,DAVIDSON,30,,,,,,,
193,DAVIDSON,32,,,,,,,
2500,DAVIDSON,34,,,,,,,
2508,DAVIDSON,36,,,,,,,
2506,DAVIDSON,38,,,,,,,
2513,DAVIDSON,40,,,,,,,
2503,DAVIDSON,42,,,,,,,
190,DAVIDSON,44,,,,,,,
140,DAVIDSON,46,,,,,,,
736,DAVIDSON,48,,,,,,,
735,DAVIDSON,50,,,,,,,
2512,DAVIDSON,52,,,,,,,
2502,DAVIDSON,54,,,,,,,
197,DAVIDSON,56,,,,,,,
141,DAVIDSON,58,,,,,,,
737,DAVIDSON,60,,,,,,,
191,DAVIDSON,62,,,,,,,
243,DAVIDSON,64,,,,,,,
138,DAVIDSON,66,,,,,,,
741,DAVIDSON,68,,,,,,,
739,DAVIDSON,70,,,,,,,
742,DAVIDSON,72,,,,,,,
743,DAVIDSON,74,,,,,,,
740,DAVIDSON,76,,,,,,,
187,DAVIDSON,78,,,,,,,
2691,DAVIDSON,80A,,,,,,,
136,DAVIDSON,82,,,,,,,
184,DAVIDSON,84,,,,,,,
2419,DAVIDSON,86A,,,,,,,
2418,DAVIDSON,88,,,,,,,
1981,DAVIE,01,,,,,,,
1982,DAVIE,02,,,,,,,
2517,DAVIE,03,,,,,,,
1983,DAVIE,04,,,,,,,
2518,DAVIE,05,,,,,,,
1984,DAVIE,06,,,,,,,
1985,DAVIE,07,,,,,,,
2515,DAVIE,08,,,,,,,
2514,DAVIE,09,,,,,,,
1986,DAVIE,10,,,,,,,
1987,DAVIE,11,,,,,,,
1988,DAVIE,12,,,,,,,
2000,DAVIE,13,,,,,,,
2516,DAVIE,14,,,,,,,
358,DUPLIN,ALBE,,,,,,,
289,DUPLIN,BEUL,,,,,,,
2660,DUPLIN,CALY,,,,,,,
349,DUPLIN,CFRK,,,,,,,
2520,DUPLIN,CHAR,,,,,,,
356,DUPLIN,CHIN,,,,,,,
352,DUPLIN,CYCK,,,,,,,
353,DUPLIN,FAIS,,,,,,,
361,DUPLIN,GLIS,,,,,,,
348,DUPLIN,HALL,,,,,,,
350,DUPLIN,KENA,,,,,,,
2519,DUPLIN,LOCK,,,,,,,
357,DUPLIN,MAGN,,,,,,,
351,DUPLIN,ROCK,,,,,,,
359,DUPLIN,ROSE,,,,,,,
360,DUPLIN,SMCA,,,,,,,
355,DUPLIN,WALL,,,,,,,
354,DUPLIN,WARS,,,,,,,
362,DUPLIN,WOLF,,,,,,,
366,DURHAM,01,,,,,,,
183,DURHAM,02,,,,,,,
312,DURHAM,03,,,,,,,
313,DURHAM,04,,,,,,,
186,DURHAM,05,,,,,,,
248,DURHAM,06,,,,,,,
196,DURHAM,07,,,,,,,
195,DURHAM,08,,,,,,,
311,DURHAM,09,,,,,,,
363,DURHAM,10,,,,,,,
415,DURHAM,12,,,,,,,
307,DURHAM,13,,,,,,,
368,DURHAM,14,,,,,,,
367,DURHAM,15,,,,,,,
416,DURHAM,16,,,,,,,
244,DURHAM,17,,,,,,,
144,DURHAM,18,,,,,,,
247,DURHAM,19,,,,,,,
365,DURHAM,20,,,,,,,
364,DURHAM,21,,,,,,,
306,DURHAM,22,,,,,,,
245,DURHAM,23,,,,,,,
302,DURHAM,24,,,,,,,
198,DURHAM,25,,,,,,,
185,DURHAM,26,,,,,,,
453,DURHAM,27,,,,,,,
310,DURHAM,28,,,,,,,
189,DURHAM,29,,,,,,,
456,DURHAM,30-1,,,,,,,
194,DURHAM,30-2,,,,,,,
455,DURHAM,31,,,,,,,
192,DURHAM,32,,,,,,,
142,DURHAM,33,,,,,,,
2420,DURHAM,34-1,,,,,,,
2421,DURHAM,34-2,,,,,,,
2718,DURHAM,35.3,,,,,,,
309,DURHAM,36,,,,,,,
201,DURHAM,37,,,,,,,
200,DURHAM,38,,,,,,,
304,DURHAM,39,,,,,,,
452,DURHAM,40,,,,,,,
413,DURHAM,41,,,,,,,
414,DURHAM,42,,,,,,,
303,DURHAM,43,,,,,,,
246,DURHAM,44,,,,,,,
199,DURHAM,45,,,,,,,
249,DURHAM,46,,,,,,,
143,DURHAM,47,,,,,,,
146,DURHAM,48,,,,,,,
308,DURHAM,50,,,,,,,
454,DURHAM,51,,,,,,,
145,DURHAM,52,,,,,,,
457,DURHAM,53-1,,,,,,,
305,DURHAM,53-2,,,,,,,
417,DURHAM,54,,,,,,,
2422,DURHAM,55,,,,,,,
235,EDGECOMBE,0101,,,,,,,
299,EDGECOMBE,0102,,,,,,,
300,EDGECOMBE,0103,,,,,,,
238,EDGECOMBE,0104,,,,,,,
301,EDGECOMBE,0201,,,,,,,
292,EDGECOMBE,0301,,,,,,,
291,EDGECOMBE,0401,,,,,,,
240,EDGECOMBE,0501,,,,,,,
236,EDGECOMBE,0601,,,,,,,
234,EDGECOMBE,0701,,,,,,,
241,EDGECOMBE,0801,,,,,,,
297,EDGECOMBE,0901,,,,,,,
242,EDGECOMBE,1001,,,,,,,
298,EDGECOMBE,1101,,,,,,,
295,EDGECOMBE,1201,,,,,,,
239,EDGECOMBE,1202,,,,,,,
293,EDGECOMBE,1203,,,,,,,
237,EDGECOMBE,1204,,,,,,,
294,EDGECOMBE,1205,,,,,,,
296,EDGECOMBE,1301,,,,,,,
290,EDGECOMBE,1401,,,,,,,
2165,FORSYTH,011,,,,,,,
2293,FORSYTH,012,,,,,,,
1920,FORSYTH,013,,,,,,,
1909,FORSYTH,014,,,,,,,
1997,FORSYTH,015,,,,,,,
1897,FORSYTH,021,,,,,,,
1974,FORSYTH,031,,,,,,,
1973,FORSYTH,032,,,,,,,
2063,FORSYTH,033,,,,,,,
2017,FORSYTH,034,,,,,,,
1939,FORSYTH,042,,,,,,,
1921,FORSYTH,043,,,,,,,
1977,FORSYTH,051,,,,,,,
2020,FORSYTH,052,,,,,,,
1992,FORSYTH,053,,,,,,,
1975,FORSYTH,054,,,,,,,
1976,FORSYTH,055,,,,,,,
1907,FORSYTH,061,,,,,,,
1999,FORSYTH,062,,,,,,,
1924,FORSYTH,063,,,,,,,
2060,FORSYTH,064,,,,,,,
2129,FORSYTH,065,,,,,,,
1898,FORSYTH,066,,,,,,,
1980,FORSYTH,067,,,,,,,
2209,FORSYTH,068,,,,,,,
2022,FORSYTH,071,,,,,,,
2015,FORSYTH,072,,,,,,,
1979,FORSYTH,073,,,,,,,
1998,FORSYTH,074,,,,,,,
1993,FORSYTH,075,,,,,,,
2018,FORSYTH,081,,,,,,,
1908,FORSYTH,082,,,,,,,
2062,FORSYTH,083,,,,,,,
1971,FORSYTH,091,,,,,,,
1972,FORSYTH,092,,,,,,,
1989,FORSYTH,101,,,,,,,
2057,FORSYTH,111,,,,,,,
1896,FORSYTH,112,,,,,,,
2064,FORSYTH,122,,,,,,,
2024,FORSYTH,123,,,,,,,
1995,FORSYTH,131,,,,,,,
2016,FORSYTH,132,,,,,,,
1978,FORSYTH,133,,,,,,,
2093,FORSYTH,201,,,,,,,
1933,FORSYTH,203,,,,,,,
2169,FORSYTH,204,,,,,,,
1932,FORSYTH,205,,,,,,,
2167,FORSYTH,206,,,,,,,
2061,FORSYTH,207,,,,,,,
1926,FORSYTH,301,,,,,,,
1927,FORSYTH,302,,,,,,,
1937,FORSYTH,303,,,,,,,
1910,FORSYTH,304,,,,,,,
1929,FORSYTH,305,,,,,,,
2168,FORSYTH,306,,,,,,,
1895,FORSYTH,401,,,,,,,
1935,FORSYTH,402,,,,,,,
1930,FORSYTH,403,,,,,,,
1996,FORSYTH,404,,,,,,,
2207,FORSYTH,405,,,,,,,
2013,FORSYTH,501,,,,,,,
2014,FORSYTH,502,,,,,,,
2211,FORSYTH,503,,,,,,,
2208,FORSYTH,504,,,,,,,
1928,FORSYTH,505,,,,,,,
1936,FORSYTH,506,,,,,,,
1931,FORSYTH,507,,,,,,,
1911,FORSYTH,601,,,,,,,
2023,FORSYTH,602,,,,,,,
1893,FORSYTH,603,,,,,,,
1923,FORSYTH,604,,,,,,,
2166,FORSYTH,605,,,,,,,
2210,FORSYTH,606,,,,,,,
1922,FORSYTH,607,,,,,,,
2123,FORSYTH,701,,,,,,,
2164,FORSYTH,702,,,,,,,
1938,FORSYTH,703,,,,,,,
1925,FORSYTH,704,,,,,,,
1991,FORSYTH,705,,,,,,,
2126,FORSYTH,706,,,,,,,
1990,FORSYTH,707,,,,,,,
2125,FORSYTH,708,,,,,,,
2094,FORSYTH,709,,,,,,,
2091,FORSYTH,801,,,,,,,
2127,FORSYTH,802,,,,,,,
2128,FORSYTH,803,,,,,,,
1894,FORSYTH,804,,,,,,,
1892,FORSYTH,805,,,,,,,
2124,FORSYTH,806,,,,,,,
2055,FORSYTH,807,,,,,,,
1994,FORSYTH,808,,,,,,,
2056,FORSYTH,809,,,,,,,
2122,FORSYTH,901,,,,,,,
1934,FORSYTH,902,,,,,,,
2096,FORSYTH,903,,,,,,,
2059,FORSYTH,904,,,,,,,
2095,FORSYTH,905,,,,,,,
2021,FORSYTH,906,,,,,,,
2092,FORSYTH,907,,,,,,,
2019,FORSYTH,908,,,,,,,
2058,FORSYTH,909,,,,,,,
2457,FRANKLIN,01,,,,,,,
2456,FRANKLIN,02,,,,,,,
2458,FRANKLIN,03,,,,,,,
152,FRANKLIN,05,,,,,,,
147,FRANKLIN,06,,,,,,,
148,FRANKLIN,07,,,,,,,
149,FRANKLIN,08,,,,,,,
873,FRANKLIN,09,,,,,,,
151,FRANKLIN,10,,,,,,,
872,FRANKLIN,11,,,,,,,
871,FRANKLIN,12,,,,,,,
150,FRANKLIN,13,,,,,,,
2460,FRANKLIN,14,,,,,,,
2459,FRANKLIN,15,,,,,,,
2455,FRANKLIN,16,,,,,,,
153,FRANKLIN,17,,,,,,,
2461,FRANKLIN,18,,,,,,,
874,FRANKLIN,19,,,,,,,
512,GASTON,01,,,,,,,
548,GASTON,02,,,,,,,
587,GASTON,03,,,,,,,
2524,GASTON,04,,,,,,,
557,GASTON,05,,,,,,,
2522,GASTON,06,,,,,,,
556,GASTON,07,,,,,,,
549,GASTON,08,,,,,,,
510,GASTON,09,,,,,,,
563,GASTON,10,,,,,,,
509,GASTON,11,,,,,,,
558,GASTON,12,,,,,,,
588,GASTON,13,,,,,,,
560,GASTON,14,,,,,,,
566,GASTON,15,,,,,,,
551,GASTON,16,,,,,,,
2525,GASTON,17,,,,,,,
561,GASTON,18,,,,,,,
2526,GASTON,19,,,,,,,
552,GASTON,20,,,,,,,
2523,GASTON,21,,,,,,,
2521,GASTON,22,,,,,,,
550,GASTON,23,,,,,,,
511,GASTON,24,,,,,,,
553,GASTON,25,,,,,,,
624,GASTON,26,,,,,,,
592,GASTON,27,,,,,,,
591,GASTON,28,,,,,,,
547,GASTON,29,,,,,,,
555,GASTON,30,,,,,,,
583,GASTON,31,,,,,,,
625,GASTON,32,,,,,,,
626,GASTON,33,,,,,,,
559,GASTON,34,,,,,,,
590,GASTON,35,,,,,,,
589,GASTON,36,,,,,,,
593,GASTON,37,,,,,,,
564,GASTON,38,,,,,,,
567,GASTON,39,,,,,,,
584,GASTON,40,,,,,,,
586,GASTON,41,,,,,,,
565,GASTON,42,,,,,,,
582,GASTON,43,,,,,,,
585,GASTON,44,,,,,,,
562,GASTON,45,,,,,,,
554,GASTON,46,,,,,,,
1667,GATES,1,,,,,,,
1669,GATES,2,,,,,,,
1668,GATES,3,,,,,,,
1671,GATES,4N,,,,,,,
1670,GATES,4S,,,,,,,
1666,GATES,5,,,,,,,
182,GRAHAM,EAST,,,,,,,
180,GRAHAM,STEC,,,,,,,
663,GRAHAM,TAPO,,,,,,,
181,GRAHAM,WEST,,,,,,,
2463,GRANVILLE,ANTI,,,,,,,
710,GRANVILLE,BERE,,,,,,,
768,GRANVILLE,BTNR,,,,,,,
2465,GRANVILLE,CORI,,,,,,,
2467,GRANVILLE,CRDL,,,,,,,
767,GRANVILLE,CRDM,,,,,,,
2466,GRANVILLE,EAOX,,,,,,,
769,GRANVILLE,MTEN,,,,,,,
711,GRANVILLE,OKHL,,,,,,,
2462,GRANVILLE,SALM,,,,,,,
712,GRANVILLE,SASS,,,,,,,
2464,GRANVILLE,SOOX,,,,,,,
713,GRANVILLE,TYHO,,,,,,,
766,GRANVILLE,WILT,,,,,,,
2468,GRANVILLE,WOEL,,,,,,,
536,GREENE,ARBA,,,,,,,
532,GREENE,BEAR,,,,,,,
528,GREENE,BULL,,,,,,,
531,GREENE,CAST,,,,,,,
537,GREENE,HOOK,,,,,,,
533,GREENE,MAUR,,,,,,,
534,GREENE,SH1,,,,,,,
529,GREENE,SHIN,,,,,,,
535,GREENE,SUGG,,,,,,,
530,GREENE,WALS,,,,,,,
1508,GUILFORD,CG1,859,989,967,824,6,954,871
1478,GUILFORD,CG2,841,677,939,545,6,912,600
1455,GUILFORD,CG3A,744,646,842,517,6,810,547
1477,GUILFORD,CG3B,1048,904,1170,755,6,1142,791
1548,GUILFORD,FEN1,765,1989,833,1879,12,721,2011
1532,GUILFORD,FEN2,1027,460,1072,388,6,1126,355
1650,GUILFORD,FR1,952,1534,1050,1370,6,1036,1409
2553,GUILFORD,FR2,1009,745,1106,614,6,1095,655
1880,GUILFORD,FR3,684,547,751,442,6,740,469
2726,GUILFORD,FR4,725,411,770,336,6,767,355
2724,GUILFORD,FR5A,838,636,914,518,6,894,569
2725,GUILFORD,FR5B,672,381,723,314,6,732,329
1756,GUILFORD,G01,69,875,115,793,12,69,854
1828,GUILFORD,G02,218,532,226,499,12,191,530
1852,GUILFORD,G03,70,1465,97,1394,12,61,1445
1796,GUILFORD,G04,61,1385,101,1289,12,63,1350
1851,GUILFORD,G05,12,1209,31,1164,12,15,1189
2539,GUILFORD,G06,27,1198,54,1160,12,28,1195
1855,GUILFORD,G07,325,1043,356,969,12,286,1043
2530,GUILFORD,G08,357,1309,397,1235,12,319,1311
2536,GUILFORD,G09,291,1667,348,1560,12,278,1647
2537,GUILFORD,G10,369,1676,433,1584,12,343,1683
1758,GUILFORD,G11,275,788,345,684,6,373,690
1760,GUILFORD,G12,174,648,217,568,6,229,581
1759,GUILFORD,G13,365,733,426,644,6,453,633
1724,GUILFORD,G14,318,638,385,544,6,426,532
1726,GUILFORD,G15,388,681,445,583,6,478,586
1757,GUILFORD,G16,645,596,740,476,6,756,468
1798,GUILFORD,G17,689,655,768,555,6,802,550
1826,GUILFORD,G18,663,363,705,313,6,731,294
1827,GUILFORD,G19,669,501,753,391,6,755,397
1853,GUILFORD,G20,1051,850,1176,699,6,1196,701
1870,GUILFORD,G21,1221,1309,1350,1121,6,1355,1140
1864,GUILFORD,G22,903,516,956,459,6,966,450
1863,GUILFORD,G23,438,588,486,510,6,509,521
1866,GUILFORD,G24,301,581,347,516,6,336,533
1878,GUILFORD,G25,608,806,672,705,6,706,689
1452,GUILFORD,G26,593,1506,662,1390,12,557,1509
1454,GUILFORD,G27,1229,1122,1368,930,6,1385,944
1453,GUILFORD,G28,396,593,456,502,6,458,512
1877,GUILFORD,G29,485,746,561,647,6,548,675
1867,GUILFORD,G30,775,561,828,492,6,862,474
1854,GUILFORD,G31,599,532,657,448,6,699,434
1856,GUILFORD,G32,1138,920,1268,770,6,1296,761
1829,GUILFORD,G33,837,593,923,494,6,960,463
1850,GUILFORD,G34,815,679,902,571,6,950,530
1793,GUILFORD,G35,481,520,548,434,6,584,411
1795,GUILFORD,G36,613,799,690,695,6,745,662
1727,GUILFORD,G37,458,1337,555,1183,12,449,1304
1794,GUILFORD,G38,748,1057,859,907,6,868,923
2727,GUILFORD,G39,489,789,548,665,6,565,688
1869,GUILFORD,G40A1,622,604,696,499,6,718,492
1879,GUILFORD,G40A2,462,498,513,419,6,512,416
1876,GUILFORD,G40B,653,517,698,439,6,709,437
2729,GUILFORD,G41A,500,624,592,497,6,591,522
2728,GUILFORD,G41B,759,549,822,457,6,818,486
2541,GUILFORD,G42,,,,,,,
1792,GUILFORD,G43,560,1426,669,1248,12,560,1392
1700,GUILFORD,G44,256,1198,330,1049,6,331,1133
1701,GUILFORD,G45,342,1937,453,1648,6,375,1786
1696,GUILFORD,G46,33,1910,80,1801,"12,6",41,1852
1695,GUILFORD,G47,258,1143,322,1035,12,247,1140
1697,GUILFORD,G48,540,1634,678,1399,6,643,1515
1723,GUILFORD,G49,135,643,167,591,12,126,641
1672,GUILFORD,G50,363,1712,444,1548,12,335,1679
1673,GUILFORD,G51,394,886,440,809,12,373,882
1604,GUILFORD,G52,126,1436,173,1350,12,109,1434
1599,GUILFORD,G53,126,1978,187,1875,12,133,1950
1598,GUILFORD,G54,146,1675,200,1595,12,135,1679
1531,GUILFORD,G55,227,1492,275,1415,12,206,1505
1600,GUILFORD,G56,274,963,297,904,12,252,961
1547,GUILFORD,G57,270,1145,318,1081,12,267,1136
1603,GUILFORD,G58,228,1103,257,1051,12,204,1115
2545,GUILFORD,G59,235,852,262,786,12,228,830
2549,GUILFORD,G60,325,956,353,887,"12,6",291,953
2546,GUILFORD,G61,286,1190,362,1074,12,268,1191
1651,GUILFORD,G62,382,636,431,552,6,432,582
1702,GUILFORD,G63,491,759,569,635,6,582,652
2551,GUILFORD,G64,420,1436,512,1284,"12,6",259,724
2548,GUILFORD,G65,668,1099,779,956,6,761,992
2544,GUILFORD,G66,886,931,981,799,6,984,826
1725,GUILFORD,G67,5,1270,25,1226,12,6,1259
1728,GUILFORD,G68,8,1904,46,1812,12,11,1869
1698,GUILFORD,G69,107,1734,162,1621,12,104,1702
1699,GUILFORD,G70,9,1956,43,1879,12,14,1926
2532,GUILFORD,G71,13,1758,52,1666,12,20,1717
2533,GUILFORD,G72,61,1726,119,1635,12,71,1693
1653,GUILFORD,G73,12,1263,38,1204,12,12,1229
2531,GUILFORD,G74,17,1784,57,1688,12,16,1740
1602,GUILFORD,G75,68,1239,97,1174,12,59,1224
1865,GUILFORD,GIB,877,799,931,700,6,915,733
1504,GUILFORD,GR,1345,353,1358,316,6,1431,281
1849,GUILFORD,H01,344,754,378,692,12,315,751
1858,GUILFORD,H02,604,473,654,404,6,664,411
1857,GUILFORD,H03,205,843,227,788,12,189,828
2542,GUILFORD,H04,571,972,620,887,6,620,907
1875,GUILFORD,H05,200,1275,233,1217,12,172,1278
1448,GUILFORD,H06,799,1175,881,1036,6,866,1088
1862,GUILFORD,H07,71,992,88,937,12,67,972
1859,GUILFORD,H08,34,762,56,701,12,37,723
1872,GUILFORD,H09,21,1312,58,1224,12,35,1270
1449,GUILFORD,H10,126,1420,164,1353,12,115,1404
1447,GUILFORD,H11,180,1149,201,1071,12,163,1123
1874,GUILFORD,H12,274,680,326,608,12,269,673
1871,GUILFORD,H13,838,518,900,441,6,927,430
1873,GUILFORD,H14,876,263,921,202,6,927,209
1474,GUILFORD,H15,658,666,708,578,6,709,598
1450,GUILFORD,H16,525,392,577,318,6,592,323
1507,GUILFORD,H17,258,604,292,541,12,256,589
1476,GUILFORD,H18,284,1050,326,975,12,264,1052
1473,GUILFORD,H19A,121,855,148,802,12,117,842
1475,GUILFORD,H19B,346,289,375,248,12,319,297
1528,GUILFORD,H20A,472,463,496,415,6,509,426
1526,GUILFORD,H20B,529,331,563,276,6,565,287
1503,GUILFORD,H21,636,418,666,366,6,695,363
1502,GUILFORD,H22,443,419,469,368,6,480,373
1546,GUILFORD,H23,712,373,753,324,6,770,325
1601,GUILFORD,H24,1031,686,1107,582,6,1084,631
1649,GUILFORD,H25,1734,950,1865,795,6,1821,852
1549,GUILFORD,H26,835,631,913,529,6,916,530
1648,GUILFORD,H27,,,,,,,
2305,GUILFORD,H28,926,1123,1009,1008,12,866,1126
2304,GUILFORD,H29A,601,805,663,720,12,568,794
2552,GUILFORD,H29B,612,911,687,799,12,589,894
1527,GUILFORD,JAM1,1279,796,1459,626,6,1403,669
2547,GUILFORD,JAM2,781,577,854,480,6,825,520
2554,GUILFORD,JAM3,885,586,973,491,"12,6",957,512
1501,GUILFORD,JAM4,1200,477,1319,358,6,1296,378
2543,GUILFORD,JAM5,793,212,819,177,6,806,197
2529,GUILFORD,JEF1,1110,729,1148,667,6,1156,682
2540,GUILFORD,JEF2,649,992,719,911,6,703,944
1652,GUILFORD,JEF3,421,2299,520,2167,12,400,2293
1654,GUILFORD,JEF4,724,587,771,519,6,824,496
2538,GUILFORD,MON1,629,1017,677,930,6,700,933
2535,GUILFORD,MON2A,575,1528,638,1420,12,555,1509
2302,GUILFORD,MON2B,457,769,517,687,12,445,756
2303,GUILFORD,MON3,1818,963,1883,860,6,1928,851
1484,GUILFORD,NCGR1,1638,712,1736,585,6,1750,596
1489,GUILFORD,NCGR2,1066,418,1109,349,6,1131,340
1530,GUILFORD,NCLAY1,1222,683,1298,584,6,1328,572
1529,GUILFORD,NCLAY2,803,297,833,257,6,871,233
2723,GUILFORD,NDRI,1288,296,1328,237,6,1320,254
1488,GUILFORD,NMAD,827,625,858,560,6,869,576
1487,GUILFORD,NWASH,775,160,783,153,6,794,147
1486,GUILFORD,OR1,1845,672,1906,558,6,1911,569
1483,GUILFORD,OR2,1320,553,1376,448,6,1372,472
1472,GUILFORD,PG1,812,441,869,360,6,888,351
2527,GUILFORD,PG2,1505,537,1573,452,6,1640,410
1868,GUILFORD,RC1,1098,1118,1190,982,6,1183,1028
1797,GUILFORD,RC2,1462,1111,1534,1012,6,1527,1064
1861,GUILFORD,SCLAY,1182,323,1223,261,6,1278,246
2534,GUILFORD,SDRI,2042,902,2136,771,6,2122,800
1485,GUILFORD,SF1,1663,644,1751,508,6,1741,536
1505,GUILFORD,SF2,912,332,965,279,6,976,265
1479,GUILFORD,SF3,1214,852,1319,699,6,1330,716
1481,GUILFORD,SF4,1682,930,1808,754,6,1817,799
1480,GUILFORD,SMAD,1075,792,1141,691,6,1154,711
1506,GUILFORD,STOK,2007,701,2071,574,6,2055,618
2550,GUILFORD,SUM1,563,1060,618,981,12,531,1061
2528,GUILFORD,SUM2,475,778,512,732,6,514,737
1451,GUILFORD,SUM3,677,207,699,181,6,719,175
1860,GUILFORD,SUM4,1184,276,1219,215,6,1250,200
1482,GUILFORD,SWASH,509,142,522,124,6,523,125
1754,HALIFAX,BUTWD,,,,,,,
1755,HALIFAX,CONC,,,,,,,
1779,HALIFAX,ENF 2,,,,,,,
2743,HALIFAX,ENF1,,,,,,,
1780,HALIFAX,FAUCT,,,,,,,
1781,HALIFAX,HAL,,,,,,,
1782,HALIFAX,HOL,,,,,,,
2744,HALIFAX,HPR,,,,,,,
1783,HALIFAX,LIT 1,,,,,,,
1784,HALIFAX,LIT 2,,,,,,,
1785,HALIFAX,RINGW,,,,,,,
1786,HALIFAX,RR 10,,,,,,,
1787,HALIFAX,RR 11,,,,,,,
1788,HALIFAX,RR 3,,,,,,,
1789,HALIFAX,RR 4,,,,,,,
1790,HALIFAX,RR 5,,,,,,,
1791,HALIFAX,RR 6,,,,,,,
1820,HALIFAX,RR 7,,,,,,,
1821,HALIFAX,RR 8,,,,,,,
1822,HALIFAX,RR 9,,,,,,,
2745,HALIFAX,RR1-2,,,,,,,
2746,HALIFAX,SN,,,,,,,
1823,HALIFAX,WEL 1,,,,,,,
1824,HALIFAX,WEL 2,,,,,,,
1825,HALIFAX,WEL 3,,,,,,,
214,HARNETT,PR01,,,,,,,
252,HARNETT,PR07,,,,,,,
215,HARNETT,PR08,,,,,,,
217,HARNETT,PR16,,,,,,,
209,HARNETT,PR20,,,,,,,
211,HARNETT,PR23,,,,,,,
210,HARNETT,PR24,,,,,,,
212,HARNETT,PR25,,,,,,,
216,HARNETT,PR26,,,,,,,
2267,HARNETT,PR28,,,,,,,
213,HARNETT,PR29,,,,,,,
2694,HARNETT,PR30,,,,,,,
2560,HAYWOOD,AC,,,,,,,
2563,HAYWOOD,BC,,,,,,,
273,HAYWOOD,BE-1,,,,,,,
895,HAYWOOD,BE-2,,,,,,,
278,HAYWOOD,BE-3,,,,,,,
282,HAYWOOD,BE-4,,,,,,,
279,HAYWOOD,BE-7,,,,,,,
277,HAYWOOD,BE56,,,,,,,
2561,HAYWOOD,CE,,,,,,,
893,HAYWOOD,CL-N,,,,,,,
276,HAYWOOD,CL-S,,,,,,,
281,HAYWOOD,CR,,,,,,,
275,HAYWOOD,EF,,,,,,,
274,HAYWOOD,FC-1,,,,,,,
284,HAYWOOD,FC-2,,,,,,,
280,HAYWOOD,HA,,,,,,,
894,HAYWOOD,ID,,,,,,,
2557,HAYWOOD,IH,,,,,,,
2564,HAYWOOD,JC,,,,,,,
271,HAYWOOD,LJ,,,,,,,
2559,HAYWOOD,P,,,,,,,
272,HAYWOOD,PC,,,,,,,
2556,HAYWOOD,SA,,,,,,,
283,HAYWOOD,WC,,,,,,,
2555,HAYWOOD,WE,,,,,,,
269,HAYWOOD,WO,,,,,,,
2558,HAYWOOD,WS-1,,,,,,,
2562,HAYWOOD,WS-2,,,,,,,
270,HAYWOOD,WW,,,,,,,
2226,HENDERSON,AR,,,,,,,
2224,HENDERSON,AT,,,,,,,
2566,HENDERSON,BC,,,,,,,
1580,HENDERSON,BK,,,,,,,
1586,HENDERSON,CB,,,,,,,
1542,HENDERSON,CC,,,,,,,
2565,HENDERSON,ED,,,,,,,
1593,HENDERSON,EF,,,,,,,
1590,HENDERSON,ES,,,,,,,
1583,HENDERSON,EV,,,,,,,
1543,HENDERSON,FL,,,,,,,
1584,HENDERSON,FR,,,,,,,
1594,HENDERSON,GM,,,,,,,
1581,HENDERSON,GR,,,,,,,
1541,HENDERSON,HC,,,,,,,
1589,HENDERSON,HS,,,,,,,
1579,HENDERSON,HV-1,,,,,,,
2227,HENDERSON,HV-2,,,,,,,
2225,HENDERSON,HV-3,,,,,,,
1587,HENDERSON,LJ,,,,,,,
2568,HENDERSON,LP,,,,,,,
1595,HENDERSON,MG,,,,,,,
1596,HENDERSON,NB,,,,,,,
1597,HENDERSON,NE,,,,,,,
2378,HENDERSON,NM,,,,,,,
1588,HENDERSON,NW,,,,,,,
1582,HENDERSON,PR,,,,,,,
1591,HENDERSON,PV,,,,,,,
1545,HENDERSON,RG,,,,,,,
1592,HENDERSON,RR,,,,,,,
1544,HENDERSON,SB,,,,,,,
1578,HENDERSON,SE,,,,,,,
1585,HENDERSON,SM,,,,,,,
2567,HENDERSON,SW,,,,,,,
760,HERTFORD,A1,,,,,,,
762,HERTFORD,A2,,,,,,,
763,HERTFORD,A3,,,,,,,
758,HERTFORD,BR,,,,,,,
753,HERTFORD,CM,,,,,,,
754,HERTFORD,CO,,,,,,,
761,HERTFORD,HV,,,,,,,
759,HERTFORD,M1,,,,,,,
757,HERTFORD,M2,,,,,,,
765,HERTFORD,ML,,,,,,,
764,HERTFORD,SJ,,,,,,,
756,HERTFORD,UN,,,,,,,
755,HERTFORD,WN,,,,,,,
250,HOKE,01,,,,,,,
251,HOKE,02,,,,,,,
318,HOKE,03,,,,,,,
322,HOKE,04,,,,,,,
315,HOKE,05,,,,,,,
2295,HOKE,06A,,,,,,,
317,HOKE,12,,,,,,,
316,HOKE,13,,,,,,,
2294,HOKE,14,,,,,,,
319,HOKE,61,,,,,,,
314,HOKE,62,,,,,,,
2326,HOKE,63,,,,,,,
321,HOKE,64,,,,,,,
320,HOKE,65,,,,,,,
596,HYDE,BM,,,,,,,
598,HYDE,ENG,,,,,,,
599,HYDE,FF,,,,,,,
602,HYDE,LL,,,,,,,
597,HYDE,OCK,,,,,,,
600,HYDE,SLAD,,,,,,,
601,HYDE,SQ,,,,,,,
923,IREDELL,BA,,,,,,,
921,IREDELL,BE,,,,,,,
945,IREDELL,CC1,,,,,,,
947,IREDELL,CC2,,,,,,,
949,IREDELL,CC3,,,,,,,
2571,IREDELL,CC4,,,,,,,
927,IREDELL,CD,,,,,,,
951,IREDELL,CH-A,,,,,,,
930,IREDELL,CH-B,,,,,,,
920,IREDELL,CS,,,,,,,
948,IREDELL,DV1-A,,,,,,,
946,IREDELL,DV1-B,,,,,,,
2569,IREDELL,DV2-A,,,,,,,
2570,IREDELL,DV2-B,,,,,,,
926,IREDELL,EM,,,,,,,
950,IREDELL,FT,,,,,,,
929,IREDELL,NH,,,,,,,
922,IREDELL,OL,,,,,,,
924,IREDELL,SB,,,,,,,
943,IREDELL,SH-A,,,,,,,
937,IREDELL,SH-B,,,,,,,
940,IREDELL,ST1,,,,,,,
944,IREDELL,ST2,,,,,,,
938,IREDELL,ST3,,,,,,,
942,IREDELL,ST4,,,,,,,
941,IREDELL,ST5,,,,,,,
939,IREDELL,ST6,,,,,,,
925,IREDELL,TB,,,,,,,
928,IREDELL,UG,,,,,,,
2298,JACKSON,BCK,,,,,,,
752,JACKSON,CAN,,,,,,,
745,JACKSON,CAS,,,,,,,
748,JACKSON,CFK,,,,,,,
750,JACKSON,CUL,,,,,,,
2301,JACKSON,DIL,,,,,,,
751,JACKSON,GCK,,,,,,,
746,JACKSON,GLV,,,,,,,
744,JACKSON,QUA,,,,,,,
747,JACKSON,RIV,,,,,,,
749,JACKSON,SAV,,,,,,,
2299,JACKSON,SCC,,,,,,,
2296,JACKSON,SNW,,,,,,,
2297,JACKSON,SSW,,,,,,,
2300,JACKSON,WEB,,,,,,,
1421,JOHNSTON,PR04,,,,,,,
1420,JOHNSTON,PR07,,,,,,,
1418,JOHNSTON,PR08,,,,,,,
1412,JOHNSTON,PR09,,,,,,,
2307,JOHNSTON,PR10A,,,,,,,
2306,JOHNSTON,PR10B,,,,,,,
2697,JOHNSTON,PR11A,,,,,,,
2696,JOHNSTON,PR11B,,,,,,,
2310,JOHNSTON,PR12A,,,,,,,
2311,JOHNSTON,PR12B,,,,,,,
1417,JOHNSTON,PR13,,,,,,,
1419,JOHNSTON,PR14,,,,,,,
1416,JOHNSTON,PR19,,,,,,,
1411,JOHNSTON,PR20,,,,,,,
1414,JOHNSTON,PR21,,,,,,,
1413,JOHNSTON,PR22,,,,,,,
2313,JOHNSTON,PR23A,,,,,,,
2312,JOHNSTON,PR23B,,,,,,,
1410,JOHNSTON,PR24,,,,,,,
1415,JOHNSTON,PR25,,,,,,,
1409,JOHNSTON,PR26,,,,,,,
2309,JOHNSTON,PR27A,,,,,,,
2308,JOHNSTON,PR27B,,,,,,,
2314,JOHNSTON,PR28,,,,,,,
2316,JOHNSTON,PR29A,,,,,,,
1423,JOHNSTON,PR29B,,,,,,,
2315,JOHNSTON,PR30,,,,,,,
1425,JOHNSTON,PR31A,,,,,,,
2317,JOHNSTON,PR31B,,,,,,,
1422,JOHNSTON,PR32,,,,,,,
2318,JOHNSTON,PR33,,,,,,,
1424,JOHNSTON,PR34,,,,,,,
2740,JOHNSTON,PR35,,,,,,,
2738,JOHNSTON,PR36,,,,,,,
2737,JOHNSTON,PR37,,,,,,,
2739,JOHNSTON,PR38,,,,,,,
958,JONES,P01,,,,,,,
959,JONES,P02,,,,,,,
963,JONES,P03,,,,,,,
960,JONES,P04,,,,,,,
962,JONES,P05,,,,,,,
964,JONES,P06,,,,,,,
961,JONES,P07,,,,,,,
2425,LEE,A1,346,354,350,337,2,328,341
2426,LEE,A2,239,511,253,480,2,230,491
2424,LEE,B1,409,161,418,157,2,396,157
2423,LEE,B2,247,195,250,180,2,248,180
2327,LEE,C1,437,308,455,275,2,442,281
2321,LEE,C2,423,147,419,131,2,404,130
2319,LEE,D1,585,262,606,235,2,569,247
2320,LEE,D2,554,261,600,204,2,529,246
2324,LEE,E1,524,240,527,229,2,496,230
2325,LEE,E2,279,254,290,235,2,271,244
1341,LENOIR,C,,,,,,,
1321,LENOIR,FC,,,,,,,
1319,LENOIR,I,,,,,,,
1325,LENOIR,K1,,,,,,,
1318,LENOIR,K2,,,,,,,
1339,LENOIR,K3,,,,,,,
1337,LENOIR,K4,,,,,,,
1344,LENOIR,K5,,,,,,,
1326,LENOIR,K6,,,,,,,
1323,LENOIR,K7,,,,,,,
1338,LENOIR,K8,,,,,,,
1324,LENOIR,K9,,,,,,,
1322,LENOIR,MH,,,,,,,
1317,LENOIR,N,,,,,,,
1346,LENOIR,PH1,,,,,,,
1345,LENOIR,PH2,,,,,,,
1234,LENOIR,SH,,,,,,,
1235,LENOIR,SW,,,,,,,
1320,LENOIR,T1,,,,,,,
1342,LENOIR,T2,,,,,,,
1340,LENOIR,V,,,,,,,
1343,LENOIR,W,,,,,,,
1347,LINCOLN,AS25,,,,,,,
1349,LINCOLN,BC13,,,,,,,
1348,LINCOLN,BS26,,,,,,,
1375,LINCOLN,CF19,,,,,,,
1362,LINCOLN,CR06,,,,,,,
1379,LINCOLN,DN29,,,,,,,
1369,LINCOLN,DV08,,,,,,,
1380,LINCOLN,DW28,,,,,,,
1382,LINCOLN,HG17,,,,,,,
1364,LINCOLN,HV07,,,,,,,
1373,LINCOLN,IS20,,,,,,,
1377,LINCOLN,IS23,,,,,,,
1361,LINCOLN,LI14,,,,,,,
1368,LINCOLN,LM16,,,,,,,
1365,LINCOLN,LN11,,,,,,,
1363,LINCOLN,LS12,,,,,,,
1360,LINCOLN,LS15,,,,,,,
1374,LINCOLN,LW18,,,,,,,
1372,LINCOLN,LW31,,,,,,,
1371,LINCOLN,NB03,,,,,,,
1366,LINCOLN,NB09,,,,,,,
1378,LINCOLN,OB21,,,,,,,
1383,LINCOLN,OG10,,,,,,,
1381,LINCOLN,PC22,,,,,,,
1350,LINCOLN,SL24,,,,,,,
1376,LINCOLN,TE27,,,,,,,
1367,LINCOLN,TR30,,,,,,,
1370,LINCOLN,WP32,,,,,,,
2143,MACON,01,,,,,,,
2136,MACON,02,,,,,,,
2144,MACON,03,,,,,,,
2142,MACON,04,,,,,,,
2134,MACON,05,,,,,,,
2130,MACON,06,,,,,,,
2138,MACON,07,,,,,,,
2135,MACON,08,,,,,,,
2133,MACON,09,,,,,,,
2131,MACON,10,,,,,,,
2132,MACON,11,,,,,,,
2137,MACON,12,,,,,,,
2139,MACON,13,,,,,,,
2140,MACON,14,,,,,,,
2141,MACON,15,,,,,,,
2373,MADISON,BEECH,,,,,,,
392,MADISON,EBBS C,,,,,,,
391,MADISON,GRAPEV,,,,,,,
396,MADISON,HOT SP,,,,,,,
389,MADISON,LAUREL,277,233,266,234,11,254,261
393,MADISON,MARS H,,,,,,,
388,MADISON,NORTH,,,,,,,
390,MADISON,REVERE,,,,,,,
2375,MADISON,SANDY,,,,,,,
394,MADISON,SOUTH,,,,,,,
397,MADISON,SPRING,,,,,,,
395,MADISON,WALNUT,432,310,455,297,11,417,345
782,MARTIN,BG,,,,,,,
781,MARTIN,CR,,,,,,,
773,MARTIN,GN,,,,,,,
772,MARTIN,GR,,,,,,,
774,MARTIN,HM,,,,,,,
776,MARTIN,HS,,,,,,,
771,MARTIN,J,,,,,,,
779,MARTIN,PP,,,,,,,
780,MARTIN,R1,,,,,,,
777,MARTIN,R2,,,,,,,
770,MARTIN,W,,,,,,,
778,MARTIN,W1,,,,,,,
775,MARTIN,W2,,,,,,,
1956,MCDOWELL,CCREEK,,,,,,,
1945,MCDOWELL,DYSART,,,,,,,
1950,MCDOWELL,FORT 1,,,,,,,
1957,MCDOWELL,FORT 2,,,,,,,
1946,MCDOWELL,GLENWD,,,,,,,
1953,MCDOWELL,HIGGIN,,,,,,,
1947,MCDOWELL,M.COVE,,,,,,,
1951,MCDOWELL,MAR 1,,,,,,,
1958,MCDOWELL,MAR 2,,,,,,,
1954,MCDOWELL,MAR 3,,,,,,,
1952,MCDOWELL,MAR 4,,,,,,,
1948,MCDOWELL,MAR 5,,,,,,,
1944,MCDOWELL,N.COVE,,,,,,,
1959,MCDOWELL,NEBO,,,,,,,
1949,MCDOWELL,PLEASA,,,,,,,
1960,MCDOWELL,T.COVE,,,,,,,
1955,MCDOWELL,WEST M,,,,,,,
1550,MECKLENBURG,001,597,463,758,287,9,490,537
1551,MECKLENBURG,002,577,1162,899,779,"12,9",468,1158
1552,MECKLENBURG,003,103,1529,168,1436,12,95,1509
1553,MECKLENBURG,004,337,1173,481,1005,12,320,1157
1554,MECKLENBURG,005,163,810,256,707,12,168,803
1540,MECKLENBURG,006,187,1387,307,1239,12,176,1378
1555,MECKLENBURG,007,330,774,504,578,9,280,780
1618,MECKLENBURG,008,944,596,1169,371,9,813,685
1619,MECKLENBURG,009,841,1095,1150,739,9,705,1166
1620,MECKLENBURG,010,785,958,1126,595,9,664,998
1621,MECKLENBURG,011,1489,2544,1968,1898,12,1419,2462
1622,MECKLENBURG,012,74,1655,153,1519,12,78,1593
1623,MECKLENBURG,013,450,1619,656,1338,12,459,1550
1624,MECKLENBURG,014,109,1508,224,1322,12,120,1456
1655,MECKLENBURG,015,487,1325,849,932,9,416,1356
1656,MECKLENBURG,016,26,2220,117,2057,12,20,2173
1657,MECKLENBURG,017,89,1241,156,1118,12,90,1212
1658,MECKLENBURG,018,834,375,1011,198,9,683,502
1659,MECKLENBURG,019,713,506,935,283,9,597,579
1674,MECKLENBURG,020,798,842,1114,505,9,676,897
1675,MECKLENBURG,021,503,879,774,565,9,447,861
1676,MECKLENBURG,022,728,2210,1014,1812,12,717,2112
1677,MECKLENBURG,023,67,1043,135,931,12,75,1001
1679,MECKLENBURG,024,221,1658,341,1459,12,213,1602
1704,MECKLENBURG,025,10,1702,69,1583,12,9,1653
1705,MECKLENBURG,026,219,2233,371,2056,12,216,2212
1706,MECKLENBURG,027,69,1687,160,1555,12,71,1633
1707,MECKLENBURG,028,150,1235,254,1069,12,149,1187
2228,MECKLENBURG,029,331,993,501,782,12,311,968
1729,MECKLENBURG,030,323,1257,571,942,12,329,1199
1730,MECKLENBURG,031,30,1739,87,1583,12,35,1643
1731,MECKLENBURG,032,979,453,1184,249,9,812,580
1732,MECKLENBURG,033,269,968,422,786,12,255,937
1733,MECKLENBURG,034,410,1117,625,870,9,350,1132
1734,MECKLENBURG,035,565,596,731,425,9,500,637
1761,MECKLENBURG,036,941,822,1242,507,9,767,931
1762,MECKLENBURG,037,759,693,1013,436,9,674,725
1763,MECKLENBURG,038,414,843,615,623,9,335,865
1764,MECKLENBURG,039,44,1459,88,1366,12,41,1408
1703,MECKLENBURG,040,141,1658,274,1478,12,156,1592
1765,MECKLENBURG,041,113,1504,183,1378,12,108,1473
1766,MECKLENBURG,042,50,1915,117,1793,12,50,1870
1767,MECKLENBURG,043,164,1849,318,1653,12,167,1820
2229,MECKLENBURG,044,328,746,485,564,9,279,767
1799,MECKLENBURG,045,297,797,393,660,12,276,770
1800,MECKLENBURG,046,379,1355,615,1075,12,363,1315
1801,MECKLENBURG,047,989,719,1233,451,9,866,784
1802,MECKLENBURG,048,937,403,1114,221,9,772,520
1803,MECKLENBURG,049,820,703,1056,441,9,692,770
1456,MECKLENBURG,050,489,745,703,498,9,420,749
1457,MECKLENBURG,051,821,1000,1118,683,9,700,1047
1458,MECKLENBURG,052,51,1880,129,1728,12,48,1822
1678,MECKLENBURG,053,156,2088,299,1896,12,156,2045
1459,MECKLENBURG,054,24,1822,123,1649,12,36,1769
1460,MECKLENBURG,055,5,1147,48,1074,12,9,1119
1490,MECKLENBURG,056,14,1061,45,983,12,18,1011
1491,MECKLENBURG,057,788,588,992,358,9,684,633
1492,MECKLENBURG,058,479,597,647,426,9,430,598
1493,MECKLENBURG,059,350,545,499,386,9,307,558
1494,MECKLENBURG,060,54,1462,125,1352,12,50,1436
1495,MECKLENBURG,061,371,1137,506,970,12,338,1126
1509,MECKLENBURG,062,210,1167,314,1018,12,194,1134
1510,MECKLENBURG,063,221,1166,363,1007,12,220,1156
1511,MECKLENBURG,064,230,585,313,487,9,199,585
1512,MECKLENBURG,065,530,479,671,327,9,438,534
1513,MECKLENBURG,066,478,569,696,349,9,402,625
1533,MECKLENBURG,067,623,439,775,289,9,533,511
1534,MECKLENBURG,068,401,799,512,661,9,341,823
1535,MECKLENBURG,069,1700,1118,2123,672,9,1498,1232
1536,MECKLENBURG,070,955,561,1230,275,9,820,643
1537,MECKLENBURG,071,882,527,1021,373,9,748,608
1538,MECKLENBURG,072,626,447,799,257,9,524,493
1539,MECKLENBURG,073,675,596,873,376,9,603,628
1556,MECKLENBURG,074,1024,617,1226,403,9,887,708
1557,MECKLENBURG,075,1329,769,1613,486,9,1135,908
1558,MECKLENBURG,076,1135,884,1496,513,9,981,970
1560,MECKLENBURG,077,74,1639,163,1512,12,85,1597
1625,MECKLENBURG,078.1,,,,,,,
1626,MECKLENBURG,079,384,782,468,687,12,361,804
1627,MECKLENBURG,080,459,1524,645,1305,9,405,1515
1628,MECKLENBURG,081,404,2323,555,2131,12,393,2295
1629,MECKLENBURG,082,59,2066,150,1920,12,64,2022
1630,MECKLENBURG,083,594,1482,807,1220,8,601,1416
1631,MECKLENBURG,084,201,1323,324,1174,12,194,1290
1633,MECKLENBURG,085,702,995,950,723,9,624,1016
1635,MECKLENBURG,086,1040,407,1244,209,9,912,502
1743,MECKLENBURG,087,775,1022,1086,700,9,711,1022
1636,MECKLENBURG,088,855,938,1094,676,9,770,947
1637,MECKLENBURG,089,1246,2629,1548,2294,9,1084,2708
1638,MECKLENBURG,090,612,535,815,325,9,553,561
1639,MECKLENBURG,091,1893,1149,2295,732,9,1686,1262
1640,MECKLENBURG,092,1111,844,1405,539,9,987,913
1634,MECKLENBURG,093,739,506,896,335,9,670,535
1641,MECKLENBURG,094,349,987,462,836,9,297,991
1660,MECKLENBURG,095,213,1077,312,949,8,226,1047
1661,MECKLENBURG,096,685,651,883,438,9,606,680
1663,MECKLENBURG,097,196,858,295,717,12,185,834
1664,MECKLENBURG,098,157,1641,286,1458,12,149,1600
1680,MECKLENBURG,099,143,1236,226,1123,12,142,1220
1681,MECKLENBURG,100,974,858,1255,555,9,883,888
1682,MECKLENBURG,101,923,663,1125,455,9,820,713
1683,MECKLENBURG,102,743,2108,1090,1743,9,699,2081
1684,MECKLENBURG,103,1372,939,1728,559,9,1192,1038
1685,MECKLENBURG,104,126,2048,237,1881,12,131,2001
1686,MECKLENBURG,105,394,1916,597,1646,12,404,1881
1687,MECKLENBURG,106,663,588,859,387,9,582,648
1689,MECKLENBURG,107.1,429,1932,664,1650,12,406,1907
1632,MECKLENBURG,108,126,1407,249,1253,12,127,1386
1708,MECKLENBURG,109,537,1039,868,679,9,444,1069
1709,MECKLENBURG,110,573,385,730,227,9,487,438
1710,MECKLENBURG,111,1045,809,1328,524,9,911,879
1711,MECKLENBURG,112,994,544,1241,288,9,888,597
1712,MECKLENBURG,113,1536,874,1865,552,9,1368,966
1713,MECKLENBURG,114,1251,820,1603,459,9,1129,882
1714,MECKLENBURG,115,338,799,448,678,9,310,798
1715,MECKLENBURG,116,179,970,260,877,12,185,966
1716,MECKLENBURG,117,332,1134,469,972,12,322,1117
1717,MECKLENBURG,118,1068,917,1312,664,9,958,961
1718,MECKLENBURG,119,577,443,728,285,9,477,501
1735,MECKLENBURG,120,182,1449,312,1282,12,187,1426
1736,MECKLENBURG,121,1830,887,2159,542,9,1668,969
1559,MECKLENBURG,122,1262,2114,1698,1639,9,1203,2098
1737,MECKLENBURG,123,291,1351,413,1192,12,270,1353
1738,MECKLENBURG,124,174,1575,313,1399,12,171,1545
1739,MECKLENBURG,125,196,685,282,594,12,187,684
1740,MECKLENBURG,126,286,1749,454,1531,12,286,1727
1524,MECKLENBURG,127,1815,985,2175,606,9,1643,1075
1741,MECKLENBURG,128,777,1219,1048,931,9,686,1260
1742,MECKLENBURG,129,203,540,294,435,9,188,533
1768,MECKLENBURG,130,277,838,383,708,12,263,821
1769,MECKLENBURG,131,781,440,963,257,9,689,492
1770,MECKLENBURG,132,306,850,397,745,12,287,845
1771,MECKLENBURG,133,1958,1136,2355,701,9,1807,1170
1772,MECKLENBURG,134,2072,1938,2627,1343,9,1916,1939
1773,MECKLENBURG,135,557,3687,886,3285,12,541,3637
1774,MECKLENBURG,136,910,570,1129,351,9,809,620
2266,MECKLENBURG,137,2438,1309,2881,856,9,2232,1397
1775,MECKLENBURG,138,353,1390,482,1237,12,329,1384
1804,MECKLENBURG,139.1,1376,980,1672,635,9,1273,968
1805,MECKLENBURG,140,2059,1504,2510,999,9,1908,1536
1807,MECKLENBURG,141,573,1943,736,1627,12,591,1861
1808,MECKLENBURG,142,1981,1370,2366,931,9,1837,1379
1809,MECKLENBURG,143,2288,1452,2750,944,9,2093,1492
1806,MECKLENBURG,144,1441,971,1807,591,9,1322,1009
1514,MECKLENBURG,145,2497,3667,3344,2788,9,2277,3739
1688,MECKLENBURG,146,408,2441,649,2144,12,408,2405
1563,MECKLENBURG,147,359,1991,543,1755,12,359,1948
1776,MECKLENBURG,148,3097,2869,3971,1943,9,2886,2894
1522,MECKLENBURG,149,494,2451,816,2089,12,497,2404
1463,MECKLENBURG,150,762,1465,997,1194,9,685,1479
1499,MECKLENBURG,151,581,1903,880,1585,12,568,1876
1811,MECKLENBURG,200,491,551,581,446,9,438,563
1812,MECKLENBURG,201,1294,2684,1650,2289,8,1287,2627
1523,MECKLENBURG,202,2457,2043,2952,1449,9,2248,2050
1813,MECKLENBURG,203,774,2673,1090,2309,12,773,2622
1521,MECKLENBURG,204.1,534,2664,863,2296,12,516,2628
1814,MECKLENBURG,205,722,1312,906,1090,12,680,1297
1525,MECKLENBURG,206,1411,2075,1772,1574,9,1223,2054
1815,MECKLENBURG,207,1969,1217,2337,835,9,1814,1276
1517,MECKLENBURG,208,2100,1028,2454,625,9,1908,1105
1816,MECKLENBURG,209,1724,1359,2096,955,9,1551,1422
1817,MECKLENBURG,210,332,3886,578,3547,12,329,3792
1818,MECKLENBURG,211,1285,3675,1786,3093,12,1276,3612
1819,MECKLENBURG,212,1250,4705,1880,4013,12,1264,4647
1830,MECKLENBURG,213,256,2584,410,2401,12,256,2560
1831,MECKLENBURG,214,634,1606,933,1310,9,589,1592
1832,MECKLENBURG,215,1275,1007,1632,631,9,1176,1017
1833,MECKLENBURG,216,1483,1420,1826,1049,9,1340,1473
1662,MECKLENBURG,217,814,848,1004,630,9,738,877
1834,MECKLENBURG,218,1229,648,1425,428,9,1072,732
1461,MECKLENBURG,219,933,548,1091,386,9,835,593
1519,MECKLENBURG,220,1273,642,1487,419,9,1124,731
2573,MECKLENBURG,221,1903,847,2161,579,9,1742,948
1462,MECKLENBURG,222,938,3154,1218,2808,12,918,3116
1464,MECKLENBURG,223.1,1676,2618,2167,2074,9,1503,2656
1465,MECKLENBURG,224,695,952,784,834,9,595,994
1561,MECKLENBURG,225,531,487,644,366,9,423,563
1466,MECKLENBURG,226,1295,1091,1598,757,9,1177,1112
1467,MECKLENBURG,227,1965,1672,2475,1118,9,1776,1740
1562,MECKLENBURG,228,669,1675,923,1388,9,602,1671
2634,MECKLENBURG,229,1948,2178,2388,1690,9,1775,2244
1468,MECKLENBURG,230,1155,2654,1548,2210,9,1061,2645
1469,MECKLENBURG,231,1073,1477,1403,1119,9,988,1493
1470,MECKLENBURG,232,1909,1496,2387,957,9,1727,1524
1471,MECKLENBURG,233,1661,917,2004,557,9,1454,1045
1496,MECKLENBURG,234,971,1186,1214,903,9,877,1210
1520,MECKLENBURG,235,925,1215,1137,976,9,855,1212
2572,MECKLENBURG,236,1712,782,1973,506,9,1557,877
1497,MECKLENBURG,237,489,1980,722,1703,12,530,1931
1498,MECKLENBURG,238.1,790,1232,1085,937,9,718,1253
1500,MECKLENBURG,239,581,1450,840,1178,9,545,1449
1810,MECKLENBURG,240,2182,1236,2596,760,9,2047,1227
1515,MECKLENBURG,241,1724,1405,2051,1003,9,1568,1424
1516,MECKLENBURG,242,1553,440,1717,260,9,1444,486
1518,MECKLENBURG,243,1949,3204,2521,2566,9,1795,3209
218,MITCHELL,01,,,,,,,
226,MITCHELL,02,,,,,,,
223,MITCHELL,03,,,,,,,
219,MITCHELL,04,,,,,,,
222,MITCHELL,05,,,,,,,
220,MITCHELL,06,,,,,,,
221,MITCHELL,07,,,,,,,
225,MITCHELL,08,,,,,,,
224,MITCHELL,09,,,,,,,
692,MONTGOMERY,BIS,,,,,,,
696,MONTGOMERY,CAN,,,,,,,
695,MONTGOMERY,CHE,,,,,,,
656,MONTGOMERY,ELD,,,,,,,
660,MONTGOMERY,LIT,,,,,,,
690,MONTGOMERY,MTG,,,,,,,
657,MONTGOMERY,OPH,,,,,,,
693,MONTGOMERY,PEE,,,,,,,
697,MONTGOMERY,ROC,,,,,,,
691,MONTGOMERY,STA,,,,,,,
694,MONTGOMERY,T1,,,,,,,
689,MONTGOMERY,T2,,,,,,,
658,MONTGOMERY,UWH,,,,,,,
659,MONTGOMERY,WAD,,,,,,,
1109,MOORE,BEN,,,,,,,
2323,MOORE,CAM,,,,,,,
1102,MOORE,CAR,,,,,,,
1099,MOORE,DHR,,,,,,,
1103,MOORE,EAB,,,,,,,
2427,MOORE,EKWD,,,,,,,
2329,MOORE,EUR,,,,,,,
1154,MOORE,EWD,,,,,,,
1100,MOORE,LTR,,,,,,,
1145,MOORE,NSP,,,,,,,
1108,MOORE,PBF,,,,,,,
1146,MOORE,PDN,,,,,,,
2731,MOORE,PHA1,,,,,,,
2730,MOORE,PHA2,,,,,,,
2575,MOORE,PHB1,,,,,,,
1144,MOORE,PHB2,,,,,,,
2732,MOORE,PHC,,,,,,,
1098,MOORE,RBN,,,,,,,
1107,MOORE,SLS,,,,,,,
2328,MOORE,SSP,,,,,,,
2733,MOORE,TLT,,,,,,,
1104,MOORE,VSS,,,,,,,
1105,MOORE,WAB,,,,,,,
1101,MOORE,WEM,,,,,,,
2574,MOORE,WKWD,,,,,,,
1106,MOORE,WND,,,,,,,
870,NASH,0001,,,,,,,
2444,NASH,0002,,,,,,,
815,NASH,0003,,,,,,,
821,NASH,0004,,,,,,,
812,NASH,0005,,,,,,,
2448,NASH,0006,,,,,,,
809,NASH,0007,,,,,,,
2447,NASH,0008,,,,,,,
825,NASH,0011,,,,,,,
820,NASH,0012,,,,,,,
817,NASH,0015,,,,,,,
811,NASH,0021,,,,,,,
810,NASH,0022,,,,,,,
2449,NASH,0025,,,,,,,
2446,NASH,0026,,,,,,,
819,NASH,0031,,,,,,,
824,NASH,0032,,,,,,,
822,NASH,0033,,,,,,,
2450,NASH,0034,,,,,,,
818,NASH,0035,,,,,,,
814,NASH,0036,,,,,,,
823,NASH,0037,,,,,,,
816,NASH,0038,,,,,,,
813,NASH,0039,,,,,,,
2428,NASH,0040A,,,,,,,
2445,NASH,0041,,,,,,,
2443,NASH,0042,,,,,,,
401,NEW HANOVER,CF01,1179,1315,1243,1180,3,1166,1241
398,NEW HANOVER,CF02,1146,704,1194,615,7,932,909
2330,NEW HANOVER,CF05,1231,831,1289,705,7,1023,1004
2331,NEW HANOVER,CF06,1092,853,1133,763,7,913,1025
400,NEW HANOVER,FP02,977,809,1063,663,7,797,989
399,NEW HANOVER,FP03,743,480,808,395,7,594,629
439,NEW HANOVER,FP04,1664,1057,1781,888,7,1356,1373
441,NEW HANOVER,FP05,916,543,965,446,7,709,733
2337,NEW HANOVER,FP06,1466,973,1575,792,7,1257,1175
2336,NEW HANOVER,FP07,1888,1090,1998,906,7,1580,1371
488,NEW HANOVER,H01,632,602,675,525,7,505,732
541,NEW HANOVER,H02,1913,615,1999,481,7,1608,893
580,NEW HANOVER,H03,2219,1244,2352,1010,7,1749,1693
489,NEW HANOVER,H04,1486,992,1600,819,7,1237,1220
543,NEW HANOVER,H05,1660,864,1774,705,7,1307,1215
442,NEW HANOVER,H06,1112,917,1182,777,7,903,1120
539,NEW HANOVER,H08,2487,1453,2675,1159,7,2019,1916
404,NEW HANOVER,H09,3410,1670,3666,1323,7,2859,2205
2333,NEW HANOVER,H10,1187,1345,1245,1196,7,981,1488
2332,NEW HANOVER,H11,2258,1461,2377,1231,7,1892,1778
2692,NEW HANOVER,M02,2748,1633,2956,1349,7,2211,2160
403,NEW HANOVER,M03,1404,969,1441,825,7,1135,1214
406,NEW HANOVER,M04,2624,1836,2805,1520,7,2122,2317
2335,NEW HANOVER,M06,1386,790,1472,659,7,1129,1035
2334,NEW HANOVER,M07,830,512,859,446,7,663,681
485,NEW HANOVER,W03,189,1363,247,1246,3,203,1303
481,NEW HANOVER,W08,400,971,446,891,3,385,919
538,NEW HANOVER,W12,603,724,666,616,7,430,862
542,NEW HANOVER,W13,280,860,303,769,3,271,816
482,NEW HANOVER,W15,619,2406,688,2182,3,621,2278
581,NEW HANOVER,W16,1248,1005,1375,825,7,960,1278
440,NEW HANOVER,W17,1007,824,1037,723,7,802,1002
545,NEW HANOVER,W18,583,501,601,431,7,442,630
579,NEW HANOVER,W21,1380,1228,1500,989,7,1122,1457
544,NEW HANOVER,W24,1143,1586,1237,1247,3,1108,1403
443,NEW HANOVER,W25,382,2075,470,1876,3,399,1984
486,NEW HANOVER,W26,579,1029,655,890,3,605,961
484,NEW HANOVER,W27,457,1714,536,1549,3,457,1637
540,NEW HANOVER,W28,752,1226,828,1023,"3,7",749,1132
483,NEW HANOVER,W29,95,2467,133,2334,3,128,2366
402,NEW HANOVER,W30,1230,1539,1323,1349,7,1016,1728
487,NEW HANOVER,W31,1713,1023,1805,861,7,1311,1355
405,NEW HANOVER,WB,1067,569,1131,454,7,857,752
267,NORTHAMPTON,CONWAY,263,141,259,136,1,192,189
265,NORTHAMPTON,CREEKS,,,,,,,
260,NORTHAMPTON,GALATI,,,,,,,
259,NORTHAMPTON,GARYSB,,,,,,,
254,NORTHAMPTON,GASTON,187,340,176,342,1,147,370
264,NORTHAMPTON,JACKSO,,,,,,,
253,NORTHAMPTON,LAKE G,,,,,,,
268,NORTHAMPTON,LASKER,104,27,100,25,1,71,40
342,NORTHAMPTON,MILWAU,,,,,,,
261,NORTHAMPTON,NEWTOW,,,,,,,
262,NORTHAMPTON,PENDLE,,,,,,,
258,NORTHAMPTON,PLEASA,,,,,,,
343,NORTHAMPTON,POTECA,,,,,,,
266,NORTHAMPTON,REHOBE,,,,,,,
256,NORTHAMPTON,RICH S,,,,,,,
255,NORTHAMPTON,SEABOA,,,,,,,
257,NORTHAMPTON,SEVERN,110,100,116,90,1,84,114
263,NORTHAMPTON,WOODLA,,,,,,,
2230,ONSLOW,BC21,,,,,,,
828,ONSLOW,BM08,,,,,,,
837,ONSLOW,CL10,,,,,,,
787,ONSLOW,CR07,,,,,,,
786,ONSLOW,EN03,,,,,,,
784,ONSLOW,FS16,,,,,,,
832,ONSLOW,GB12,,,,,,,
839,ONSLOW,HM05,,,,,,,
840,ONSLOW,HN14,,,,,,,
783,ONSLOW,HR17,,,,,,,
2231,ONSLOW,HU20,,,,,,,
831,ONSLOW,JA01,,,,,,,
834,ONSLOW,ML23,,,,,,,
833,ONSLOW,MT24,,,,,,,
830,ONSLOW,NE22,,,,,,,
838,ONSLOW,NM13,,,,,,,
826,ONSLOW,NR02,,,,,,,
829,ONSLOW,RL09,,,,,,,
841,ONSLOW,SF18,,,,,,,
785,ONSLOW,SW19,,,,,,,
835,ONSLOW,TL06,,,,,,,
836,ONSLOW,VR15,,,,,,,
827,ONSLOW,WN04,,,,,,,
1752,ORANGE,BC,,,,,,,
1720,ORANGE,BP,,,,,,,
1694,ORANGE,CA,,,,,,,
2578,ORANGE,CB,,,,,,,
1748,ORANGE,CC,,,,,,,
1753,ORANGE,CF,,,,,,,
2369,ORANGE,CG,,,,,,,
1744,ORANGE,CH,,,,,,,
2437,ORANGE,CO,,,,,,,
2435,ORANGE,CP,,,,,,,
1777,ORANGE,CS1,,,,,,,
1778,ORANGE,CW,,,,,,,
2370,ORANGE,CX,,,,,,,
2433,ORANGE,DA,,,,,,,
2431,ORANGE,DM,,,,,,,
1722,ORANGE,EA,,,,,,,
2368,ORANGE,EF,,,,,,,
1691,ORANGE,EH,,,,,,,
1751,ORANGE,ENO,,,,,,,
1693,ORANGE,ES,,,,,,,
2434,ORANGE,GB,,,,,,,
2438,ORANGE,GL,,,,,,,
1690,ORANGE,GR,,,,,,,
2579,ORANGE,H,,,,,,,
1747,ORANGE,HF,,,,,,,
2439,ORANGE,KM,,,,,,,
2436,ORANGE,LC,,,,,,,
2576,ORANGE,LI,,,,,,,
1719,ORANGE,MF,,,,,,,
2582,ORANGE,NC,,,,,,,
2430,ORANGE,NS,,,,,,,
2371,ORANGE,OG,,,,,,,
1665,ORANGE,OW,,,,,,,
1749,ORANGE,PA,,,,,,,
1692,ORANGE,RF,,,,,,,
2577,ORANGE,SJ,,,,,,,
1746,ORANGE,SM,,,,,,,
2581,ORANGE,TH,,,,,,,
1750,ORANGE,TO,,,,,,,
1745,ORANGE,WC,,,,,,,
1721,ORANGE,WD,,,,,,,
2580,ORANGE,WH,,,,,,,
2432,ORANGE,WW,,,,,,,
2339,PAMLICO,1ALA,,,,,,,
2338,PAMLICO,1GB,,,,,,,
999,PAMLICO,1RB,,,,,,,
989,PAMLICO,2OT,,,,,,,
1000,PAMLICO,2SW,,,,,,,
2340,PAMLICO,3BY,,,,,,,
990,PAMLICO,4HB,,,,,,,
2341,PAMLICO,4VMA,,,,,,,
2342,PAMLICO,4VMSIC,,,,,,,
988,PAMLICO,5AP,,,,,,,
688,PASQUOTANK,1-A,,,,,,,
2234,PASQUOTANK,1-B,,,,,,,
2235,PASQUOTANK,2-A,,,,,,,
714,PASQUOTANK,2-B,,,,,,,
687,PASQUOTANK,3-A,,,,,,,
686,PASQUOTANK,3-B,,,,,,,
685,PASQUOTANK,4-A,,,,,,,
2233,PASQUOTANK,4-B,,,,,,,
683,PASQUOTANK,MH,,,,,,,
684,PASQUOTANK,NEW,,,,,,,
2232,PASQUOTANK,NIX,,,,,,,
2236,PASQUOTANK,PRO,,,,,,,
655,PASQUOTANK,SAL,,,,,,,
1564,PENDER,CF11,,,,,,,
1565,PENDER,CL05,,,,,,,
1566,PENDER,CS04,,,,,,,
1567,PENDER,CT03,,,,,,,
1568,PENDER,GR06,,,,,,,
1569,PENDER,LC09,,,,,,,
1647,PENDER,LT18,,,,,,,
1570,PENDER,LU16,,,,,,,
1571,PENDER,MH07,,,,,,,
1572,PENDER,MT19,,,,,,,
1573,PENDER,NB01,,,,,,,
1574,PENDER,PL10,,,,,,,
1575,PENDER,RP20,,,,,,,
1576,PENDER,SB02,,,,,,,
1577,PENDER,SC13,,,,,,,
1642,PENDER,SH12,,,,,,,
1643,PENDER,SP15,,,,,,,
1644,PENDER,UH08,,,,,,,
1645,PENDER,UT14,,,,,,,
1646,PENDER,UU17,,,,,,,
203,PERQUIMANS,BELVID,,,,,,,
205,PERQUIMANS,BETHEL,1210,684,1168,653,3,1224,629
206,PERQUIMANS,EAST H,,,,,,,
208,PERQUIMANS,NEW HO,,,,,,,
204,PERQUIMANS,NICANO,,,,,,,
202,PERQUIMANS,PARKVI,,,,,,,
207,PERQUIMANS,WEST H,,,,,,,
917,PERSON,ALVI,,,,,,,
918,PERSON,BFRK,,,,,,,
1212,PERSON,CUCL,,,,,,,
911,PERSON,FLRI,,,,,,,
1209,PERSON,HLWY,,,,,,,
916,PERSON,HUML,,,,,,,
1213,PERSON,MTTZ,,,,,,,
919,PERSON,OLHI,,,,,,,
915,PERSON,ROX1,,,,,,,
913,PERSON,ROX2,,,,,,,
1210,PERSON,ROX3,,,,,,,
912,PERSON,ROX4,,,,,,,
914,PERSON,RX1A,,,,,,,
1211,PERSON,WDSD,,,,,,,
1385,PITT,0101,,,,,,,
2700,PITT,0200A,,,,,,,
1353,PITT,0200B,,,,,,,
1354,PITT,0301,,,,,,,
1398,PITT,0401,,,,,,,
1397,PITT,0501,,,,,,,
1356,PITT,0601,,,,,,,
1359,PITT,0701,,,,,,,
1357,PITT,0800A,,,,,,,
1400,PITT,0800B,,,,,,,
1399,PITT,0901,,,,,,,
1352,PITT,1001,,,,,,,
1396,PITT,1101,,,,,,,
2583,PITT,1102A,,,,,,,
2584,PITT,1102B,,,,,,,
1401,PITT,1201,,,,,,,
1393,PITT,1301,,,,,,,
2703,PITT,1403A1,,,,,,,
2704,PITT,1403A2,,,,,,,
2702,PITT,1403B,,,,,,,
1355,PITT,1501,,,,,,,
1384,PITT,1503,,,,,,,
2344,PITT,1504A,,,,,,,
2343,PITT,1504B,,,,,,,
1389,PITT,1505A,,,,,,,
1386,PITT,1505B,,,,,,,
1388,PITT,1506,,,,,,,
1406,PITT,1507,,,,,,,
1351,PITT,1507B,,,,,,,
1387,PITT,1508A,,,,,,,
1405,PITT,1508B,,,,,,,
1395,PITT,1509,,,,,,,
1392,PITT,1510A,,,,,,,
1390,PITT,1510B,,,,,,,
1394,PITT,1511A,,,,,,,
1358,PITT,1511B,,,,,,,
1402,PITT,1512A,,,,,,,
2701,PITT,1512B,,,,,,,
1391,PITT,1513A,,,,,,,
1407,PITT,1513B,,,,,,,
419,POLK,CG05,,,,,,,
458,POLK,CL07,,,,,,,
418,POLK,CL08,,,,,,,
420,POLK,GC09,,,,,,,
460,POLK,SA04,,,,,,,
459,POLK,TR123,,,,,,,
461,POLK,WO06,,,,,,,
1220,RANDOLPH,01,,,,,,,
1426,RANDOLPH,02,,,,,,,
1222,RANDOLPH,03,,,,,,,
2237,RANDOLPH,04,,,,,,,
1431,RANDOLPH,05,,,,,,,
1435,RANDOLPH,06,,,,,,,
1430,RANDOLPH,07,,,,,,,
1432,RANDOLPH,08,,,,,,,
1444,RANDOLPH,09,,,,,,,
2238,RANDOLPH,10,,,,,,,
1445,RANDOLPH,11,,,,,,,
1219,RANDOLPH,12,,,,,,,
1217,RANDOLPH,13,,,,,,,
1427,RANDOLPH,14,,,,,,,
1223,RANDOLPH,15,,,,,,,
1440,RANDOLPH,16,,,,,,,
1428,RANDOLPH,17,,,,,,,
1439,RANDOLPH,18,,,,,,,
2239,RANDOLPH,19,,,,,,,
1434,RANDOLPH,20,,,,,,,
1429,RANDOLPH,21,,,,,,,
1436,RANDOLPH,22,,,,,,,
1226,RANDOLPH,23,,,,,,,
1433,RANDOLPH,24,,,,,,,
1446,RANDOLPH,25,,,,,,,
1216,RANDOLPH,26,,,,,,,
1224,RANDOLPH,27,,,,,,,
1225,RANDOLPH,28,,,,,,,
1227,RANDOLPH,29,,,,,,,
1228,RANDOLPH,30,,,,,,,
1214,RANDOLPH,31,,,,,,,
1443,RANDOLPH,32,,,,,,,
1442,RANDOLPH,33,,,,,,,
1437,RANDOLPH,34,,,,,,,
1221,RANDOLPH,35,,,,,,,
1215,RANDOLPH,36,,,,,,,
1441,RANDOLPH,37,,,,,,,
1229,RANDOLPH,38,,,,,,,
1218,RANDOLPH,39,,,,,,,
1438,RANDOLPH,40,,,,,,,
1151,RICHMOND,01,,,,,,,
1157,RICHMOND,02,,,,,,,
1165,RICHMOND,03,,,,,,,
1150,RICHMOND,04,,,,,,,
1147,RICHMOND,05,,,,,,,
1164,RICHMOND,06,,,,,,,
1163,RICHMOND,07,,,,,,,
1155,RICHMOND,08,,,,,,,
1148,RICHMOND,09,,,,,,,
1162,RICHMOND,10,,,,,,,
1161,RICHMOND,11,,,,,,,
1160,RICHMOND,12,,,,,,,
1158,RICHMOND,13,,,,,,,
1149,RICHMOND,14,,,,,,,
1159,RICHMOND,15,,,,,,,
1156,RICHMOND,16,,,,,,,
1082,ROBESON,01,,,,,,,
1075,ROBESON,02,,,,,,,
1081,ROBESON,03,,,,,,,
1124,ROBESON,04,,,,,,,
1068,ROBESON,05,,,,,,,
1132,ROBESON,06,,,,,,,
1066,ROBESON,07,,,,,,,
1131,ROBESON,08,,,,,,,
1134,ROBESON,09,,,,,,,
1083,ROBESON,10,,,,,,,
2735,ROBESON,11,,,,,,,
2734,ROBESON,11A,,,,,,,
1129,ROBESON,12,,,,,,,
1128,ROBESON,13,,,,,,,
1130,ROBESON,14,,,,,,,
1072,ROBESON,15,,,,,,,
1126,ROBESON,16,,,,,,,
1127,ROBESON,17,,,,,,,
1133,ROBESON,18A,,,,,,,
1067,ROBESON,19,,,,,,,
1073,ROBESON,20,,,,,,,
2492,ROBESON,21,,,,,,,
1087,ROBESON,22,,,,,,,
1125,ROBESON,23,,,,,,,
1122,ROBESON,24,,,,,,,
1123,ROBESON,25,,,,,,,
1076,ROBESON,26,,,,,,,
1121,ROBESON,27,,,,,,,
1086,ROBESON,28,,,,,,,
1065,ROBESON,29,,,,,,,
2736,ROBESON,30,,,,,,,
1085,ROBESON,31,,,,,,,
1080,ROBESON,32,,,,,,,
1084,ROBESON,33,,,,,,,
1135,ROBESON,34,,,,,,,
1077,ROBESON,35,,,,,,,
1074,ROBESON,36,,,,,,,
1071,ROBESON,37,,,,,,,
1069,ROBESON,38,,,,,,,
1079,ROBESON,39,,,,,,,
1070,ROBESON,40,,,,,,,
1078,ROBESON,41,,,,,,,
1904,ROCKINGHAM,DR,,,,,,,
1900,ROCKINGHAM,EC,,,,,,,
1902,ROCKINGHAM,ED-1,,,,,,,
1906,ROCKINGHAM,HO,,,,,,,
1905,ROCKINGHAM,HU,,,,,,,
1912,ROCKINGHAM,IR,,,,,,,
2240,ROCKINGHAM,LI,,,,,,,
1903,ROCKINGHAM,LK-2,,,,,,,
1913,ROCKINGHAM,MA,,,,,,,
1899,ROCKINGHAM,MC,,,,,,,
2685,ROCKINGHAM,MS,,,,,,,
1914,ROCKINGHAM,NB,,,,,,,
1901,ROCKINGHAM,RC,,,,,,,
2684,ROCKINGHAM,SE,,,,,,,
2693,ROCKINGHAM,WS,,,,,,,
1293,ROWAN,01,,,,,,,
1272,ROWAN,02,,,,,,,
1333,ROWAN,03,,,,,,,
1275,ROWAN,04,,,,,,,
2710,ROWAN,05A,,,,,,,
1335,ROWAN,07,,,,,,,
1278,ROWAN,08,,,,,,,
1331,ROWAN,09,,,,,,,
1268,ROWAN,10,,,,,,,
2243,ROWAN,11,,,,,,,
2241,ROWAN,12,,,,,,,
1334,ROWAN,13,,,,,,,
2712,ROWAN,14A,,,,,,,
1287,ROWAN,15,,,,,,,
1329,ROWAN,16,,,,,,,
1270,ROWAN,17,,,,,,,
1290,ROWAN,18,,,,,,,
2711,ROWAN,19A,,,,,,,
1271,ROWAN,21,,,,,,,
1292,ROWAN,22,,,,,,,
1288,ROWAN,23,,,,,,,
1273,ROWAN,24,,,,,,,
1266,ROWAN,25,,,,,,,
1291,ROWAN,26,,,,,,,
1267,ROWAN,27,,,,,,,
1297,ROWAN,28,,,,,,,
1276,ROWAN,29,,,,,,,
1274,ROWAN,30,,,,,,,
1279,ROWAN,31,,,,,,,
1265,ROWAN,32,,,,,,,
1269,ROWAN,33,,,,,,,
1277,ROWAN,34,,,,,,,
1298,ROWAN,35,,,,,,,
1289,ROWAN,36,,,,,,,
1294,ROWAN,38,,,,,,,
1296,ROWAN,39,,,,,,,
1299,ROWAN,40,,,,,,,
2242,ROWAN,41,,,,,,,
1295,ROWAN,42,,,,,,,
1330,ROWAN,44,,,,,,,
1332,ROWAN,45,,,,,,,
2245,RUTHERFORD,03A,,,,,,,
2252,RUTHERFORD,04A,,,,,,,
2248,RUTHERFORD,05A,,,,,,,
887,RUTHERFORD,06A,,,,,,,
2250,RUTHERFORD,09A,,,,,,,
2244,RUTHERFORD,10A,,,,,,,
2246,RUTHERFORD,11,,,,,,,
888,RUTHERFORD,13,,,,,,,
890,RUTHERFORD,14,,,,,,,
2251,RUTHERFORD,16A,,,,,,,
892,RUTHERFORD,18,,,,,,,
2247,RUTHERFORD,19,,,,,,,
885,RUTHERFORD,27,,,,,,,
886,RUTHERFORD,28,,,,,,,
2249,RUTHERFORD,29,,,,,,,
889,RUTHERFORD,30,,,,,,,
891,RUTHERFORD,34,,,,,,,
2367,SAMPSON,AUTR,,,,,,,
1250,SAMPSON,CLCE,,,,,,,
1243,SAMPSON,CLEA,,,,,,,
1263,SAMPSON,CLEM,,,,,,,
1252,SAMPSON,CLNE,,,,,,,
1254,SAMPSON,CLSW,,,,,,,
1255,SAMPSON,CLWE,,,,,,,
1249,SAMPSON,GARL,,,,,,,
1261,SAMPSON,GIDD,,,,,,,
1257,SAMPSON,HARR,,,,,,,
1264,SAMPSON,HERR,,,,,,,
1258,SAMPSON,INGO,,,,,,,
1256,SAMPSON,KEEN,,,,,,,
1251,SAMPSON,KFRK,,,,,,,
1248,SAMPSON,LAKE,,,,,,,
1262,SAMPSON,MING,,,,,,,
1260,SAMPSON,NGRV,,,,,,,
1253,SAMPSON,PLVW,,,,,,,
1244,SAMPSON,ROSE,,,,,,,
1259,SAMPSON,ROWA,,,,,,,
1246,SAMPSON,SBRG,,,,,,,
1245,SAMPSON,TURK,,,,,,,
1247,SAMPSON,WBRK,,,,,,,
1970,SCOTLAND,01,238,1635,249,1566,8,189,1462
1967,SCOTLAND,02,232,1060,233,1009,8,169,988
1962,SCOTLAND,03,1041,987,997,961,8,727,1187
1963,SCOTLAND,04,1404,1180,1366,1135,8,992,1469
1968,SCOTLAND,05,541,297,508,309,8,413,414
1969,SCOTLAND,06,134,217,127,215,8,95,241
1965,SCOTLAND,07,654,1369,615,1334,8,519,1329
1961,SCOTLAND,08,446,325,416,316,8,331,390
1964,SCOTLAND,09,597,500,555,505,8,396,631
1966,SCOTLAND,10,544,645,490,643,8,416,717
2585,STANLY,0002,,,,,,,
2591,STANLY,0003,,,,,,,
2596,STANLY,0007,,,,,,,
2594,STANLY,0008,,,,,,,
2590,STANLY,0010,,,,,,,
2592,STANLY,0011,,,,,,,
2587,STANLY,0012,,,,,,,
2595,STANLY,0013,,,,,,,
2586,STANLY,0014,,,,,,,
2027,STANLY,0015,,,,,,,
2593,STANLY,0016,,,,,,,
2597,STANLY,0017,,,,,,,
2029,STANLY,0018,,,,,,,
2028,STANLY,0019,,,,,,,
2030,STANLY,0020,,,,,,,
2002,STANLY,0021,,,,,,,
2588,STANLY,0022,,,,,,,
2589,STANLY,0023,,,,,,,
2031,STANLY,0024,,,,,,,
2025,STANLY,0025,,,,,,,
2001,STANLY,0026,,,,,,,
2003,STANLY,0027,,,,,,,
2026,STANLY,0028,,,,,,,
467,STOKES,01,,,,,,,
468,STOKES,02,,,,,,,
464,STOKES,03,,,,,,,
472,STOKES,04,,,,,,,
473,STOKES,05,,,,,,,
471,STOKES,06,,,,,,,
466,STOKES,07,,,,,,,
470,STOKES,08,,,,,,,
2260,STOKES,09,,,,,,,
463,STOKES,10,,,,,,,
465,STOKES,11,,,,,,,
462,STOKES,12,,,,,,,
469,STOKES,13,,,,,,,
475,STOKES,14,,,,,,,
480,STOKES,15,,,,,,,
479,STOKES,16,,,,,,,
478,STOKES,17,,,,,,,
477,STOKES,18,,,,,,,
476,STOKES,19,,,,,,,
474,STOKES,20,,,,,,,
2600,SURRY,01,,,,,,,
1152,SURRY,02,,,,,,,
2607,SURRY,03,,,,,,,
2602,SURRY,04,,,,,,,
2253,SURRY,05,,,,,,,
1139,SURRY,06,,,,,,,
1141,SURRY,07,,,,,,,
2601,SURRY,08,,,,,,,
2254,SURRY,09,,,,,,,
2256,SURRY,10,,,,,,,
2257,SURRY,11,,,,,,,
1138,SURRY,12,,,,,,,
1153,SURRY,13,,,,,,,
1143,SURRY,14,,,,,,,
2604,SURRY,15,,,,,,,
2605,SURRY,16,,,,,,,
2255,SURRY,17,,,,,,,
2608,SURRY,18,,,,,,,
2599,SURRY,19,,,,,,,
1142,SURRY,20,,,,,,,
2259,SURRY,21,,,,,,,
2262,SURRY,22,,,,,,,
2258,SURRY,23,,,,,,,
2263,SURRY,24,,,,,,,
2598,SURRY,25,,,,,,,
2609,SURRY,26,,,,,,,
2603,SURRY,27,,,,,,,
2606,SURRY,28,,,,,,,
1140,SURRY,33,,,,,,,
1919,SWAIN,Alarka,,,,,,,
1918,SWAIN,Almond,,,,,,,
1916,SWAIN,BC1,774,616,777,588,11,654,746
1917,SWAIN,BC2,725,588,715,600,11,607,736
1915,SWAIN,WHCH,640,904,662,826,11,577,959
1614,TRANSYLVANIA,B1,,,,,,,
1610,TRANSYLVANIA,B2,,,,,,,
1609,TRANSYLVANIA,B3,,,,,,,
1612,TRANSYLVANIA,B4,,,,,,,
1605,TRANSYLVANIA,BD,,,,,,,
1608,TRANSYLVANIA,CC,,,,,,,
1616,TRANSYLVANIA,CM,,,,,,,
1615,TRANSYLVANIA,DR,,,,,,,
1617,TRANSYLVANIA,EF,,,,,,,
1611,TRANSYLVANIA,LR,,,,,,,
1606,TRANSYLVANIA,PF,,,,,,,
1607,TRANSYLVANIA,RE,,,,,,,
2742,TRANSYLVANIA,TC1,447,108,435,103,11,398,150
2741,TRANSYLVANIA,TC7,750,317,774,275,11,711,358
1613,TRANSYLVANIA,WC,,,,,,,
1404,TYRRELL,1,,,,,,,
1403,TYRRELL,14,,,,,,,
1408,TYRRELL,15,,,,,,,
2441,TYRRELL,16,,,,,,,
2440,TYRRELL,2,,,,,,,
2442,TYRRELL,3,,,,,,,
673,UNION,001,,,,,,,
638,UNION,002,,,,,,,
680,UNION,003,,,,,,,
672,UNION,004,,,,,,,
671,UNION,005,,,,,,,
675,UNION,006,,,,,,,
667,UNION,007,,,,,,,
676,UNION,008,,,,,,,
2638,UNION,009,,,,,,,
679,UNION,010,,,,,,,
650,UNION,011,,,,,,,
648,UNION,012,,,,,,,
677,UNION,013,,,,,,,
644,UNION,014,,,,,,,
647,UNION,015,,,,,,,
646,UNION,016,,,,,,,
652,UNION,017A,,,,,,,
2650,UNION,017B,,,,,,,
2651,UNION,018,,,,,,,
666,UNION,019,,,,,,,
651,UNION,020A,,,,,,,
635,UNION,020B,,,,,,,
634,UNION,021,,,,,,,
2264,UNION,022,,,,,,,
669,UNION,023,,,,,,,
640,UNION,024,,,,,,,
639,UNION,025,,,,,,,
641,UNION,026,,,,,,,
2636,UNION,027,,,,,,,
2635,UNION,028A,,,,,,,
2429,UNION,028B,,,,,,,
2633,UNION,028C,,,,,,,
2345,UNION,028D,,,,,,,
653,UNION,029A,,,,,,,
682,UNION,029B,,,,,,,
636,UNION,029C,,,,,,,
645,UNION,030,,,,,,,
637,UNION,031,,,,,,,
642,UNION,032,,,,,,,
2265,UNION,033,,,,,,,
674,UNION,034,,,,,,,
649,UNION,035,,,,,,,
2637,UNION,036,,,,,,,
668,UNION,037A,,,,,,,
681,UNION,037B,,,,,,,
665,UNION,038A,,,,,,,
654,UNION,038B,,,,,,,
678,UNION,039,,,,,,,
643,UNION,040,,,,,,,
2652,UNION,041,,,,,,,
670,UNION,042,,,,,,,
664,UNION,043,,,,,,,
2686,VANCE,CC,1008,785,1031,750,"1,13",621,796
2206,VANCE,EH1,78,1379,100,1334,1,76,1356
2204,VANCE,HTOP,150,411,165,395,1,130,412
1891,VANCE,KITT,1265,1278,1276,1242,13,1158,1288
2201,VANCE,MIDD,750,1221,795,1164,1,633,1268
2688,VANCE,NH,876,1573,905,1528,1,756,1619
2205,VANCE,NH1,113,1426,119,1393,1,87,1408
2695,VANCE,NV,292,700,306,665,1,224,722
2202,VANCE,SCRK,1117,1561,1099,1541,13,1007,1582
2200,VANCE,SH1,253,1139,274,1092,1,201,1152
2203,VANCE,SH2,141,380,157,365,1,107,393
2687,VANCE,WH,1386,1470,1420,1411,1,1054,1658
1166,WAKE,01-01,249,431,282,369,4,224,428
1167,WAKE,01-02,389,446,423,398,"13,4",284,443
1168,WAKE,01-03,537,391,597,321,13,547,343
1169,WAKE,01-04,284,268,312,231,13,286,241
1170,WAKE,01-05,337,214,340,206,13,339,191
1186,WAKE,01-06,423,564,458,499,4,332,587
1187,WAKE,01-07,202,382,222,347,4,155,409
1188,WAKE,01-09,200,367,239,313,4,178,361
1189,WAKE,01-10,371,346,416,300,4,295,403
1190,WAKE,01-11,680,264,709,231,13,656,250
965,WAKE,01-12,336,437,395,359,4,265,448
966,WAKE,01-13,168,449,206,400,4,142,456
967,WAKE,01-14,328,802,396,703,4,264,829
968,WAKE,01-15,296,273,324,221,13,302,225
969,WAKE,01-16,419,508,451,455,"13,4",260,479
970,WAKE,01-17,280,199,310,161,13,285,174
971,WAKE,01-18,490,574,557,487,"13,4",480,508
972,WAKE,01-19,22,520,39,503,4,21,512
973,WAKE,01-20,56,479,87,436,4,57,470
974,WAKE,01-21,400,737,453,633,"13,4",344,740
975,WAKE,01-22,32,756,58,727,4,32,749
976,WAKE,01-23,437,644,507,514,4,398,614
977,WAKE,01-25,5,56,6,55,4,5,54
1046,WAKE,01-26,39,473,56,443,4,27,466
1047,WAKE,01-27,131,449,167,396,4,107,450
1048,WAKE,01-28,227,918,273,853,4,198,902
1049,WAKE,01-29,574,404,632,339,13,566,350
1050,WAKE,01-30,338,281,376,233,13,323,263
1051,WAKE,01-31,264,847,316,749,4,262,826
1052,WAKE,01-32,314,537,369,450,4,272,537
1053,WAKE,01-33,307,411,369,355,"13,4",208,369
1054,WAKE,01-34,11,618,28,586,4,9,608
1055,WAKE,01-35,15,489,33,463,4,17,477
1056,WAKE,01-36,446,278,482,219,"13,4",405,176
1171,WAKE,01-37,382,357,436,298,13,384,318
1172,WAKE,01-38,355,532,386,486,4,288,552
1173,WAKE,01-39,270,437,299,385,"13,4",232,449
1174,WAKE,01-40,64,927,94,888,4,59,904
1175,WAKE,01-41,262,451,318,374,4,235,463
1176,WAKE,01-42,535,331,586,266,13,523,296
1177,WAKE,01-43,320,450,369,386,4,265,468
1178,WAKE,01-44,417,673,464,586,4,371,680
1179,WAKE,01-45,329,291,359,252,13,335,265
1191,WAKE,01-46,134,873,190,800,4,114,849
1192,WAKE,01-47,515,355,556,291,13,503,316
1193,WAKE,01-48,305,631,375,526,4,268,624
1194,WAKE,01-49,343,677,374,589,4,295,673
1195,WAKE,01-50,32,539,55,512,4,31,530
1196,WAKE,01-51,227,253,260,202,4,187,262
1197,WAKE,02-01,709,466,787,368,13,703,417
1198,WAKE,02-02,1307,690,1422,531,13,1254,625
1199,WAKE,02-03,847,401,928,300,13,832,355
1200,WAKE,02-04,588,304,646,221,13,576,268
1201,WAKE,02-05,302,199,333,158,13,296,168
1202,WAKE,02-06,616,241,669,179,13,601,211
2272,WAKE,03-00,574,356,607,310,2,544,318
978,WAKE,04-01,375,425,421,367,2,355,376
979,WAKE,04-02,437,479,499,387,2,435,402
980,WAKE,04-03,275,405,328,320,4,256,392
981,WAKE,04-04,223,311,248,258,2,228,259
982,WAKE,04-05,423,472,483,387,4,380,491
983,WAKE,04-06,448,442,510,354,13,440,388
984,WAKE,04-07,571,335,617,271,13,556,288
985,WAKE,04-08,365,415,430,320,2,334,353
986,WAKE,04-09,434,381,487,302,2,406,323
987,WAKE,04-10,518,522,589,416,13,498,462
2004,WAKE,04-11,179,255,201,206,4,172,251
2005,WAKE,04-12,476,381,504,313,13,464,353
2006,WAKE,04-13,517,523,613,405,2,496,437
2007,WAKE,04-14,332,313,367,262,2,311,286
2008,WAKE,04-15,423,466,486,374,2,415,403
2009,WAKE,04-16,346,408,392,341,2,335,363
2010,WAKE,04-17,275,334,330,255,2,272,274
2011,WAKE,04-18,430,417,498,333,2,415,362
2012,WAKE,04-19,334,290,385,216,2,327,245
2032,WAKE,04-20,389,444,428,377,2,363,404
2033,WAKE,04-21,188,392,229,329,4,178,380
2034,WAKE,05-01,544,605,623,480,2,531,523
2035,WAKE,05-03,506,365,575,267,2,479,312
2036,WAKE,05-05,1071,1239,1203,1020,4,979,1219
2037,WAKE,05-06,761,628,850,493,2,730,529
2709,WAKE,05-07,864,1124,1038,873,4,827,1048
2708,WAKE,05-08,275,393,327,301,4,261,382
2270,WAKE,06-04,333,314,367,267,13,320,299
2038,WAKE,06-05,584,280,632,211,13,570,227
2040,WAKE,06-06,723,551,826,410,13,726,478
2039,WAKE,06-07,648,485,695,399,13,625,444
2649,WAKE,06-08,318,317,370,250,2,314,264
2656,WAKE,06-09,533,371,607,278,2,513,308
2663,WAKE,06-10,396,233,431,172,2,379,191
2041,WAKE,07-01,317,449,374,371,13,328,401
2042,WAKE,07-02,281,290,323,237,13,273,269
2043,WAKE,07-03,301,272,351,220,13,310,243
2044,WAKE,07-04,589,803,673,680,4,509,821
2065,WAKE,07-05,314,318,355,264,13,307,292
2066,WAKE,07-06,659,482,749,374,13,649,422
2067,WAKE,07-07,654,638,752,510,13,649,580
2068,WAKE,07-09,465,527,509,445,13,441,505
2069,WAKE,07-10,753,932,876,738,4,646,947
2070,WAKE,07-11,235,226,265,192,13,240,196
2071,WAKE,07-12,438,478,513,380,13,435,431
2072,WAKE,07-13,246,304,289,246,13,246,272
2073,WAKE,08-02,720,600,838,458,13,721,532
2097,WAKE,08-03,833,783,956,626,13,809,714
2098,WAKE,08-04,470,301,537,220,13,462,273
2099,WAKE,08-05,412,376,473,292,13,430,322
2100,WAKE,08-06,284,513,328,449,4,260,500
2101,WAKE,08-07,624,406,717,284,13,621,359
2102,WAKE,08-08,910,667,1035,499,13,894,583
2103,WAKE,08-09,376,390,416,338,4,341,403
2104,WAKE,08-10,452,487,517,390,13,446,429
2105,WAKE,08-11,694,764,820,591,13,682,683
2106,WAKE,09-01,657,388,688,349,13,604,391
2107,WAKE,09-02,599,840,639,765,13,557,806
2108,WAKE,09-03,579,342,625,289,13,554,323
2109,WAKE,10-01,316,144,324,129,13,310,128
2110,WAKE,10-02,567,570,622,503,13,551,527
2111,WAKE,10-03,592,468,633,427,13,558,438
2112,WAKE,10-04,905,775,963,712,13,871,747
2113,WAKE,11-01,614,779,710,627,4,527,805
2114,WAKE,11-02,649,673,735,558,13,624,608
2115,WAKE,12-01,957,466,1040,361,13,932,415
2116,WAKE,12-02,693,564,764,450,13,668,517
2117,WAKE,12-04,899,437,951,360,13,856,390
2118,WAKE,12-05,1204,640,1304,487,13,1152,571
2119,WAKE,12-06,462,302,490,253,13,444,288
2120,WAKE,12-07,537,279,580,226,13,512,260
2269,WAKE,12-08,561,580,615,472,13,559,501
2268,WAKE,12-09,549,347,597,268,13,519,308
2121,WAKE,13-01,250,875,305,773,4,236,839
2145,WAKE,13-02,463,373,538,281,13,446,332
2146,WAKE,13-05,257,464,306,401,4,245,441
2147,WAKE,13-06,557,476,592,408,13,529,444
2148,WAKE,13-07,248,387,284,336,4,217,390
2149,WAKE,13-08,159,511,187,457,4,145,495
2150,WAKE,13-09,382,760,455,660,4,355,722
2151,WAKE,13-10,1333,976,1496,765,13,1325,860
2152,WAKE,13-11,703,492,794,379,13,702,416
2153,WAKE,14-01,299,108,307,96,13,280,104
2154,WAKE,14-02,1511,581,1609,442,13,1466,524
2155,WAKE,15-01,908,432,956,368,13,860,425
2156,WAKE,15-02,1114,632,1207,501,13,1072,567
2157,WAKE,15-03,1157,463,1222,378,13,1084,452
2158,WAKE,15-04,468,254,500,201,13,443,242
2159,WAKE,16-01,456,285,500,238,13,460,255
2160,WAKE,16-02,249,897,305,814,4,211,893
2161,WAKE,16-03,268,296,299,264,4,244,302
2162,WAKE,16-04,422,358,462,310,13,394,340
2163,WAKE,16-05,436,347,472,301,13,424,318
2170,WAKE,16-06,163,265,172,246,4,125,284
2171,WAKE,16-07,667,523,741,446,13,646,485
2172,WAKE,16-08,312,1159,386,1079,4,287,1149
2173,WAKE,16-09,425,426,484,345,13,410,400
2174,WAKE,17-01,257,527,285,474,4,231,519
2175,WAKE,17-02,163,147,185,118,13,147,139
2176,WAKE,17-03,618,743,705,616,4,570,715
2177,WAKE,17-04,582,612,649,525,13,563,578
2178,WAKE,17-05,381,642,434,558,4,339,654
2179,WAKE,17-06,441,268,457,235,13,398,264
2180,WAKE,17-07,169,538,209,492,4,146,544
2181,WAKE,17-08,773,984,890,828,13,764,905
2182,WAKE,17-09,86,723,135,658,4,83,694
2183,WAKE,17-10,187,247,202,227,4,155,260
2184,WAKE,17-11,343,693,408,604,4,311,679
2185,WAKE,18-01,548,933,648,793,4,491,929
2186,WAKE,18-02,972,522,1063,392,13,924,463
2187,WAKE,18-03,466,300,525,229,13,448,267
2188,WAKE,18-04,755,497,827,411,13,726,479
2189,WAKE,18-05,911,644,1028,478,13,907,561
2190,WAKE,18-06,526,740,612,613,4,462,746
2191,WAKE,18-07,700,374,772,282,13,673,340
2192,WAKE,18-08,689,538,747,431,13,664,510
2193,WAKE,19-03,718,421,767,339,13,729,372
2194,WAKE,19-04,1136,781,1270,594,13,1096,711
2195,WAKE,19-05,876,337,926,279,13,864,285
2196,WAKE,19-07,446,421,470,369,13,430,390
2197,WAKE,19-09,931,487,1013,394,13,893,460
2198,WAKE,19-10,1421,765,1532,608,13,1395,702
2199,WAKE,19-11,569,376,625,285,13,569,333
1881,WAKE,19-12,894,571,983,453,13,898,513
2659,WAKE,19-13,422,369,484,289,13,427,340
2657,WAKE,19-14,581,318,631,258,13,591,283
2658,WAKE,19-15,507,304,552,244,13,483,277
1882,WAKE,19-16,488,390,537,323,13,476,355
1883,WAKE,19-17,613,674,683,576,13,591,648
2654,WAKE,20-01,402,432,456,337,2,384,360
1884,WAKE,20-03,487,348,530,282,13,467,327
1885,WAKE,20-04,591,508,670,398,13,577,452
1886,WAKE,20-05,656,481,750,346,13,637,409
2655,WAKE,20-06A,554,553,605,454,2,528,468
2271,WAKE,20-06B,718,496,772,387,2,646,443
1887,WAKE,20-08,704,534,781,401,13,676,475
1888,WAKE,20-09,475,384,554,283,13,459,335
2720,WAKE,20-10,561,517,665,380,2,558,417
1889,WAKE,20-11,701,553,775,446,2,659,492
1890,WAKE,20-12,433,300,476,235,2,407,247
2706,WAKE,20-13,1006,1075,1118,888,2,939,927
2707,WAKE,20-14,713,652,816,503,2,663,569
1836,WARREN,001,,,,,,,
1837,WARREN,002,,,,,,,
1839,WARREN,003,,,,,,,
1842,WARREN,004,,,,,,,
1841,WARREN,005,,,,,,,
1845,WARREN,006,,,,,,,
1847,WARREN,007,,,,,,,
1840,WARREN,008,,,,,,,
1838,WARREN,009,,,,,,,
1846,WARREN,010,,,,,,,
1848,WARREN,011,,,,,,,
1835,WARREN,012,,,,,,,
1844,WARREN,013,,,,,,,
1843,WARREN,014,,,,,,,
2273,WASHINGTON,LM,,,,,,,
1940,WASHINGTON,P1,,,,,,,
1943,WASHINGTON,P2,,,,,,,
2274,WASHINGTON,P3,,,,,,,
1942,WASHINGTON,SC,,,,,,,
1941,WASHINGTON,SK,,,,,,,
505,WATAUGA,01,,,,,,,
507,WATAUGA,02,,,,,,,
490,WATAUGA,03,,,,,,,
491,WATAUGA,04,,,,,,,
496,WATAUGA,05,,,,,,,
546,WATAUGA,06,,,,,,,
501,WATAUGA,07,,,,,,,
506,WATAUGA,08,,,,,,,
494,WATAUGA,09,,,,,,,
503,WATAUGA,10,,,,,,,
504,WATAUGA,11,,,,,,,
495,WATAUGA,12,,,,,,,
492,WATAUGA,13,,,,,,,
500,WATAUGA,14,,,,,,,
497,WATAUGA,15,,,,,,,
508,WATAUGA,16,,,,,,,
493,WATAUGA,17,,,,,,,
502,WATAUGA,18,,,,,,,
499,WATAUGA,19,,,,,,,
498,WATAUGA,20,,,,,,,
857,WAYNE,01,332,123,332,117,13,319,122
855,WAYNE,02,475,207,490,186,13,454,209
851,WAYNE,03,464,138,469,120,13,446,137
854,WAYNE,04,558,174,562,157,13,535,168
860,WAYNE,05,319,125,326,105,13,314,118
862,WAYNE,06,221,146,223,139,"1,13",208,146
858,WAYNE,07,571,229,570,213,"1,13",476,266
2644,WAYNE,08,420,104,421,106,13,396,123
2643,WAYNE,09,357,123,372,105,"1,13",350,130
852,WAYNE,10,71,233,88,217,"1,13",68,227
850,WAYNE,11,119,249,133,229,"1,13",98,258
867,WAYNE,12,208,268,229,236,1,192,266
868,WAYNE,13,141,195,156,174,"1,13",128,190
853,WAYNE,14,490,157,513,133,13,484,147
848,WAYNE,15,537,156,545,150,13,503,175
859,WAYNE,16,296,194,302,183,"1,13",274,201
847,WAYNE,17,19,216,20,208,1,15,213
866,WAYNE,18,46,257,52,250,1,46,254
856,WAYNE,19,20,259,23,253,"1,13",15,260
865,WAYNE,20,26,315,33,310,1,23,316
864,WAYNE,21,100,181,107,168,1,74,194
863,WAYNE,22,137,164,152,151,1,115,178
846,WAYNE,23,227,186,242,169,"1,13",218,186
861,WAYNE,24,756,129,750,122,13,711,141
2642,WAYNE,25,373,178,372,171,"1,13",346,143
2640,WAYNE,26,179,223,180,214,"1,13",156,225
849,WAYNE,27,65,194,80,172,1,55,189
2639,WAYNE,28,384,205,389,191,"1,13",368,216
869,WAYNE,29,84,189,88,178,1,78,187
2641,WAYNE,30,90,325,107,305,"1,13",68,284
1033,WILKES,101,,,,,,,
1059,WILKES,102,,,,,,,
1063,WILKES,103,,,,,,,
1062,WILKES,104,,,,,,,
1026,WILKES,105,,,,,,,
1027,WILKES,106,,,,,,,
1020,WILKES,107,,,,,,,
1029,WILKES,108,,,,,,,
1064,WILKES,109,,,,,,,
1036,WILKES,110,,,,,,,
1038,WILKES,111,,,,,,,
1060,WILKES,112,,,,,,,
1037,WILKES,113,,,,,,,
1035,WILKES,114,,,,,,,
1057,WILKES,115A,,,,,,,
1032,WILKES,117,,,,,,,
1028,WILKES,118,,,,,,,
1023,WILKES,119,,,,,,,
1039,WILKES,120,,,,,,,
1058,WILKES,121,,,,,,,
1034,WILKES,122,,,,,,,
1025,WILKES,123,,,,,,,
1022,WILKES,124,,,,,,,
1021,WILKES,125,,,,,,,
1031,WILKES,126,,,,,,,
1024,WILKES,127,,,,,,,
1030,WILKES,128,,,,,,,
1061,WILKES,129,,,,,,,
992,WILSON,PRBL,,,,,,,
1009,WILSON,PRCR,,,,,,,
1005,WILSON,PRGA,,,,,,,
956,WILSON,PROL,,,,,,,
997,WILSON,PRSA,,,,,,,
993,WILSON,PRSP,,,,,,,
1010,WILSON,PRST,,,,,,,
996,WILSON,PRTA,,,,,,,
995,WILSON,PRTO,,,,,,,
957,WILSON,PRWA,,,,,,,
953,WILSON,PRWB,,,,,,,
952,WILSON,PRWC,,,,,,,
1006,WILSON,PRWD,,,,,,,
991,WILSON,PRWE,,,,,,,
1001,WILSON,PRWH,,,,,,,
1007,WILSON,PRWI,,,,,,,
998,WILSON,PRWJ,,,,,,,
1003,WILSON,PRWK,,,,,,,
955,WILSON,PRWL,,,,,,,
1002,WILSON,PRWM,,,,,,,
994,WILSON,PRWN,,,,,,,
954,WILSON,PRWP,,,,,,,
1004,WILSON,PRWQ,,,,,,,
1008,WILSON,PRWR,,,,,,,
369,YADKIN,BNVL,,,,,,,
370,YADKIN,DCRK,,,,,,,
371,YADKIN,EBND,,,,,,,
372,YADKIN,FBSH,,,,,,,
373,YADKIN,NBCK,,,,,,,
2261,YADKIN,NFAL,,,,,,,
374,YADKIN,NKNB,,,,,,,
375,YADKIN,NLIB,,,,,,,
376,YADKIN,SBCK,,,,,,,
377,YADKIN,SFAL,,,,,,,
378,YADKIN,SKNB,,,,,,,
379,YADKIN,SLIB,,,,,,,
1116,YANCEY,01-BUR,,,,,,,
1114,YANCEY,02-CAN,,,,,,,
1111,YANCEY,03-EGY,,,,,,,
1120,YANCEY,04-RAM,,,,,,,
1110,YANCEY,05-GRE,,,,,,,
1113,YANCEY,06-JAC,,,,,,,
1112,YANCEY,07-BRU,,,,,,,
1115,YANCEY,08-CRA,,,,,,,
1119,YANCEY,09-SOU,,,,,,,
1118,YANCEY,10-PEN,,,,,,,
1117,YANCEY,11-PRI,,,,,,,
